{
    "vertices":[-0.099557,0.254492,-0.055397,0.044427,0.348772,0.038601,-0.175028,0.309534,0.111298,-0.261789,0.313226,-0.071973,-0.087773,0.298382,-0.228423,0.03588,0.357958,-0.153797,-0.079804,0.489936,0.116997,-0.306807,0.417246,0.062998,-0.230392,0.464419,-0.158776,-0.047826,0.52537,-0.214613,0.068384,0.527288,-0.055691,-0.152321,0.593419,-0.034133,0.076765,0.228914,-0.158459,0.249,0.287846,-0.048265,0.016155,0.370361,0.029655,-0.117534,0.358605,-0.156605,0.003104,0.282813,-0.275728,0.225144,0.305164,-0.309894,0.185078,0.468168,0.028716,-0.081213,0.562362,-0.041428,-0.098539,0.546308,-0.238412,0.123046,0.547029,-0.347518,0.28372,0.458501,-0.16286,0.076765,0.633223,-0.188701,-0.016016,-0.014612,-0.142435,0.021315,-0.014612,-0.115313,-0.007257,0.342662,-0.106029,0.007056,-0.014612,-0.071427,-0.010603,0.342662,-0.095732,-0.039088,-0.014612,-0.071427,-0.02143,0.342662,-0.095732,-0.053348,-0.014612,-0.115313,-0.024776,0.342662,-0.106029,-1.5e-05,0.252101,-0.108382,-0.006127,0.252101,-0.089571,-0.028056,0.2086,-0.086612,-0.035497,0.2086,-0.109513,0.003464,0.2086,-0.109513,-0.003977,0.2086,-0.086612,-0.031361,0.141736,-0.082063,-0.040844,0.141736,-0.11125,-0.016016,0.342662,-0.112393,0.092934,0.340558,-0.055957,-0.142158,0.227098,-0.066587,-0.1678,0.216543,-0.058212,-0.169406,0.220249,-0.070642,-0.141981,0.226923,-0.065302,-0.167708,0.21995,-0.064078,-0.132273,0.325647,-0.031268],
    "normals":[0.291907,0.416463,0.861016,0.575792,-0.064491,0.815049,-0.34996,0.147036,0.925153,-0.30627,-0.253605,0.917542,0.512313,-0.17821,0.840105,0.985865,-0.051407,0.159459,0.340979,0.916557,0.208939,-0.667225,0.302152,0.68082,-0.656612,-0.70488,0.268336,0.530989,-0.846339,0.041956,0.706061,0.660904,-0.254331,-0.262784,0.958744,-0.108421,-0.94609,-0.32373,-0.010605,-0.325265,-0.938683,-0.114352,0.792234,-0.581543,-0.184859,0.296999,0.438355,-0.848314,-0.368252,0.63907,-0.675263,-0.781433,-0.139903,-0.608103,-0.409313,-0.519731,-0.749895,0.262727,-0.2035,-0.943166,-0.093284,0.578988,0.809982,0.37631,-0.095315,0.921578,-0.50376,0.409581,0.760572,-0.555081,-0.033336,0.831128,0.024638,-0.430226,0.902385,0.958389,-0.10496,0.26547,0.194012,0.92518,0.326192,-0.792452,0.580585,0.186924,-0.749106,-0.631694,0.199508,-0.128631,-0.970224,0.205228,0.884934,0.449507,-0.121802,-0.153253,0.949496,-0.273807,-0.988172,0.076067,-0.133152,-0.441217,-0.896357,0.043258,0.786484,-0.56749,-0.243718,0.60086,0.271444,-0.751854,0.1454,0.551266,-0.821562,-0.435953,-0.034941,-0.899291,-0.257619,-0.517817,-0.81578,0.645878,-0.210119,-0.733956,0.58643,-0.807152,-0.067871,0.948863,0.308305,-0.067871,-0,0.997694,-0.067872,0,5e-06,-1,-0,0,-1,0,0,-1,-0.948863,0.308305,-0.067872,0.75346,0.244812,0.610217,-0.586427,-0.807154,-0.067871,-0.455453,0.147985,0.877874,0.58643,-0.807151,-0.067871,0.948863,0.308305,-0.067872,-0,0.997694,-0.067872,-0.58643,-0.807151,-0.067871,-0.948863,0.308304,-0.067872,-0.35742,0.93282,-0.045793,-0.274697,-0.960385,-0.046923,0.151413,-0.049196,-0.987246,0.181655,0.981662,-0.057803,-0.135131,-0.932555,-0.334783,0.948863,0.308305,-0.067871,-0,0.997694,-0.067871,-0.58643,-0.807152,-0.067872,-0.948863,0.308305,-0.067872,-0,0.997694,-0.067872,0.58643,-0.807151,-0.067871,-0,0.997694,-0.067872,-0.552404,-0.171801,0.81568,0.58643,-0.807151,-0.067871,0.948863,0.308304,-0.067871,0,0.997694,-0.067872,-0.58643,-0.807152,-0.067872,-0.948864,0.308304,-0.067872,0.447256,-0.89246,-0.058958,-0.614122,-0.19954,-0.763569,-0.107634,-0.606806,-0.787529,0.250101,0.956335,-0.151236,0.135131,0.932555,0.334783],
    "colors":[],
    "metadata":{
        "vertices":49,
        "version":3,
        "uvs":0,
        "faces":78,
        "materials":2,
        "generator":"io_three",
        "normals":78,
        "colors":0,
        "type":"Geometry"
    },
    "uvs":[],
    "materials":[{
        "colorDiffuse":[0.103942,0.483052,0.012982],
        "depthTest":true,
        "colorSpecular":[0.5,0.5,0.5],
        "visible":true,
        "depthWrite":true,
        "DbgName":"Material.001",
        "wireframe":false,
        "opacity":1,
        "shading":"phong",
        "colorEmissive":[0,0,0],
        "DbgColor":15658734,
        "specularCoef":50,
        "blending":"NormalBlending",
        "vertexColors":false,
        "transparent":false,
        "DbgIndex":0
    },{
        "colorDiffuse":[0.219065,0.144027,0.079755],
        "depthTest":true,
        "colorSpecular":[0.5,0.5,0.5],
        "visible":true,
        "depthWrite":true,
        "DbgName":"Material.002",
        "wireframe":false,
        "opacity":1,
        "shading":"phong",
        "colorEmissive":[0,0,0],
        "DbgColor":15597568,
        "specularCoef":50,
        "blending":"NormalBlending",
        "vertexColors":false,
        "transparent":false,
        "DbgIndex":1
    }],
    "faces":[34,0,1,2,0,0,0,0,34,1,0,5,0,1,1,1,34,0,2,3,0,2,2,2,34,0,3,4,0,3,3,3,34,0,4,5,0,4,4,4,34,1,5,10,0,5,5,5,34,2,1,6,0,6,6,6,34,3,2,7,0,7,7,7,34,4,3,8,0,8,8,8,34,5,4,9,0,9,9,9,34,1,10,6,0,10,10,10,34,2,6,7,0,11,11,11,34,3,7,8,0,12,12,12,34,4,8,9,0,13,13,13,34,5,9,10,0,14,14,14,34,6,10,11,0,15,15,15,34,7,6,11,0,16,16,16,34,8,7,11,0,17,17,17,34,9,8,11,0,18,18,18,34,10,9,11,0,19,19,19,34,12,13,14,0,20,20,20,34,13,12,17,0,21,21,21,34,12,14,15,0,22,22,22,34,12,15,16,0,23,23,23,34,12,16,17,0,24,24,24,34,13,17,22,0,25,25,25,34,14,13,18,0,26,26,26,34,15,14,19,0,27,27,27,34,16,15,20,0,28,28,28,34,17,16,21,0,29,29,29,34,13,22,18,0,30,30,30,34,14,18,19,0,31,31,31,34,15,19,20,0,32,32,32,34,16,20,21,0,33,33,33,34,17,21,22,0,34,34,34,34,18,22,23,0,35,35,35,34,19,18,23,0,36,36,36,34,20,19,23,0,37,37,37,34,21,20,23,0,38,38,38,34,22,21,23,0,39,39,39,34,41,26,33,1,40,40,40,34,26,28,34,1,41,41,41,34,34,28,30,1,42,42,42,34,26,41,32,1,43,43,43,34,26,32,30,1,44,44,44,34,26,30,28,1,45,45,45,34,30,32,36,1,46,46,46,34,38,37,42,1,47,47,47,34,40,36,41,1,48,48,48,34,40,39,44,1,49,49,49,34,41,37,25,1,50,50,50,34,37,38,27,1,51,51,51,34,38,39,29,1,52,52,52,34,40,41,24,1,53,53,53,34,39,40,31,1,54,54,54,34,34,38,42,1,55,55,55,34,36,40,45,1,56,56,56,34,35,36,43,1,57,57,57,34,39,35,43,1,58,58,58,34,46,47,48,1,59,59,59,34,33,26,34,1,60,60,60,34,35,34,30,1,61,61,61,34,36,32,41,1,62,62,62,34,35,30,36,1,63,63,63,34,38,34,35,1,64,64,64,34,37,41,33,1,65,65,65,34,39,38,35,1,66,66,66,34,45,40,44,1,67,67,67,34,24,41,25,1,68,68,68,34,25,37,27,1,69,69,69,34,27,38,29,1,70,70,70,34,31,40,24,1,71,71,71,34,29,39,31,1,72,72,72,34,37,33,42,1,73,73,73,34,33,34,42,1,74,74,74,34,43,36,45,1,75,75,75,34,44,39,43,1,76,76,76,34,47,46,48,1,77,77,77],
    "name":"IcosphereGeometry.1"
}