{
    "vertices":[-0.096904,1.0185,-0.449955,0.015898,1.96366,0.467492,-0.386048,1.96366,0.119474,-0.234882,1.96366,-0.447538,0.260493,1.96366,-0.449955,0.415484,1.96366,0.115565,0.05597,2.32681,-0.19355,-0.027591,0.791924,0.115565,0.012481,1.15507,0.467492,0.414428,1.15507,0.119474,0.212022,0.820195,-0.038992,-0.387105,1.15507,0.115565,-0.318743,0.994826,-0.178757,0.263261,1.15507,-0.447538,0.507173,1.60073,-0.038992,0.16653,1.60073,0.524542,-0.263396,1.55936,0.420223,-0.263396,1.55936,-0.498208,-0.478794,1.518,-0.038992,0.16653,1.60073,-0.602527,0.174238,2.29854,0.100771,-0.183642,2.29854,-0.038992,0.033009,0.834312,-0.049742,0.132929,0.002126,-0.04086,0.072333,0.834312,-0.021171,0.094763,0.002126,0.076603,0.057313,0.834312,0.025057,0.001351,-0.003089,0.140068,0.008706,0.834312,0.025057,-0.006315,0.834312,-0.021171,0.033009,0.089284,-0.108364,0.128086,0.089284,-0.039286,0.09177,0.089284,0.072483,-0.025751,0.089284,0.072483,-0.06691,0.002126,-0.04086,0.059231,0.007997,0.16124,0.017238,0.025249,0.155419,0.08104,0.004566,0.20294,0.223297,0.009588,0.025504,0.141249,-0.008526,-0.146164,0.121469,-0.007416,-0.157344],
    "metadata":{
        "normals":73,
        "type":"Geometry",
        "materials":2,
        "vertices":41,
        "faces":74,
        "uvs":0,
        "generator":"io_three",
        "version":3,
        "colors":0
    },
    "normals":[-0.299137,-0.323058,0.897859,-0.120587,-0.356421,0.926511,-0.730817,-0.622285,0.280479,0.855784,0.5173,-0.005845,-0.231534,0.971814,0.044371,-0.219048,-0.963581,0.153393,0.855784,-0.517301,-0.005846,0.588954,0.668712,-0.453825,-0.522809,0.603819,-0.601726,-0.877122,-0.233842,-0.419494,-0.003994,-0.81795,-0.575276,0.796366,-0.218258,-0.564061,0.759168,-0.247224,-0.602116,-0.432639,-0.538458,-0.723109,-0.044168,0.113088,-0.992603,-0.233796,0.598655,-0.766128,0.908516,-0.248995,-0.33556,0.855791,-0.517305,0.004096,-0.004498,-0.921429,-0.388522,-0.24604,-0.959443,-0.137601,-0.927346,-0.247232,-0.2809,-0.615129,0.710447,-0.341881,-0.240254,0.969281,-0.052648,0.615288,0.698612,-0.365189,0.855791,0.517305,0.004097,0.121061,-0.945424,0.302519,-0.903253,-0.413272,-0.1155,-0.88866,-0.430949,0.156734,-0.958991,-0.073736,0.273678,-0.90601,0.421485,-0.038678,-0.902796,0.427603,0.045979,-0.621219,0.705344,0.341433,0.622877,0.719395,0.3074,0.927346,-0.247232,0.280901,0.291153,-0.584362,0.757464,-0.694349,0.212986,0.687399,-0.553064,0.627959,0.547529,0.877123,-0.233842,0.419493,0.467985,0.608256,0.641104,0.522809,0.603819,0.601725,0.586598,-0.807383,-0.063528,0.949135,0.308393,-0.063529,-0,0.99798,-0.063529,-0,0,-1,0,0,-1,-0.586598,-0.807383,-0.063528,-0.949237,0.308426,-0.061822,0.028813,-0.039658,0.998798,0,0,1,-0,0.081636,0.996662,-0.527122,-0.84816,0.052598,0.922127,0.383669,-0.049799,0.392164,-0.130176,-0.910638,-0,0.611136,-0.791525,0.141406,0.127468,0.981711,0.588709,-0.806961,-0.047279,0.556092,0.180685,-0.811243,0.42336,-0.582706,-0.6937,0.586598,-0.807383,-0.063528,0.949135,0.308393,-0.063528,-0,0.99798,-0.063529,-0.595466,-0.800961,-0.062309,-0.952643,0.297495,-0.062997,-0.935653,0.35253,0.016595,0.366003,0.928899,-0.056472,0.186288,0.699837,-0.689583,-0.819575,0.54968,-0.161706,0.258279,-0.212618,0.942383,-0.612383,0.786234,0.082604,0.066505,0.021609,0.997552,0.391446,-0.625501,-0.674921,-0.107389,0.091654,0.989983,0.995852,0.073219,-0.05401],
    "materials":[{
        "shading":"phong",
        "DbgName":"Material.001",
        "colorEmissive":[0,0,0],
        "depthWrite":true,
        "blending":"NormalBlending",
        "colorSpecular":[0.03799,0.049252,0.005933],
        "opacity":1,
        "colorDiffuse":[0.105496,0.176205,0.054893],
        "specularCoef":50,
        "wireframe":false,
        "depthTest":true,
        "visible":true,
        "DbgColor":15658734,
        "DbgIndex":0,
        "transparent":false,
        "vertexColors":false
    },{
        "shading":"phong",
        "DbgName":"Material.002",
        "colorEmissive":[0,0,0],
        "depthWrite":true,
        "blending":"NormalBlending",
        "colorSpecular":[0.116507,0.116507,0.116507],
        "opacity":1,
        "colorDiffuse":[0.0757,0.042173,0.017357],
        "specularCoef":50,
        "wireframe":false,
        "depthTest":true,
        "visible":true,
        "DbgColor":15597568,
        "DbgIndex":1,
        "transparent":false,
        "vertexColors":false
    }],
    "uvs":[],
    "name":"IcosphereGeometry",
    "faces":[34,12,0,7,0,0,0,0,34,7,0,10,0,1,1,1,34,0,12,17,0,2,2,2,34,9,14,15,0,3,3,3,34,8,15,16,0,4,4,4,34,0,17,19,0,5,5,5,34,13,19,14,0,6,6,6,34,1,5,20,0,7,7,7,34,2,1,21,0,8,8,8,34,3,2,21,0,9,9,9,34,4,3,6,0,10,10,10,34,5,4,20,0,11,11,11,34,20,4,6,0,12,12,12,34,6,3,21,0,13,13,13,34,21,20,6,0,14,14,14,34,21,1,20,0,15,15,15,34,14,4,5,0,16,16,16,34,14,19,4,0,17,17,17,34,19,3,4,0,18,18,18,34,19,17,3,0,19,19,19,34,18,2,3,0,20,20,20,34,16,1,2,0,21,21,21,34,16,15,1,0,22,22,22,34,15,5,1,0,23,23,23,34,15,14,5,0,24,24,24,34,13,0,19,0,25,25,25,34,17,18,3,0,26,26,26,34,17,12,18,0,27,27,27,34,12,11,18,0,28,28,28,34,18,16,2,0,29,29,29,34,18,11,16,0,30,30,30,34,11,8,16,0,31,31,31,34,8,9,15,0,32,32,32,34,9,13,14,0,33,33,33,34,10,0,13,0,34,34,34,34,12,7,11,0,35,35,35,34,7,8,11,0,36,36,36,34,9,10,13,0,37,37,37,34,7,10,8,0,38,38,38,34,10,9,8,0,39,39,39,34,22,24,31,1,40,40,40,34,24,26,32,1,41,41,41,34,26,28,33,1,42,42,42,34,24,22,29,1,43,43,43,34,24,29,28,1,43,43,43,34,24,28,26,1,44,44,44,34,29,22,30,1,45,45,45,34,28,29,34,1,46,46,46,34,25,27,34,1,47,47,47,34,23,25,34,1,48,48,48,34,40,23,34,1,49,49,49,34,34,30,40,1,50,50,50,34,25,32,35,1,51,51,51,34,35,36,37,1,52,52,52,34,32,33,36,1,53,53,53,34,25,35,27,1,54,54,54,34,23,31,38,1,55,55,55,34,31,32,38,1,56,56,56,34,30,31,39,1,57,57,57,34,30,22,31,1,58,58,58,34,31,24,32,1,59,59,59,34,32,26,33,1,60,60,60,34,34,29,30,1,61,61,61,34,33,28,34,1,62,62,62,34,27,33,34,1,63,63,63,34,32,25,38,1,64,64,64,34,35,32,36,1,65,65,65,34,33,27,36,1,66,66,66,34,27,35,37,1,67,67,67,34,36,27,37,1,68,68,68,34,25,23,38,1,69,69,69,34,40,30,39,1,70,70,70,34,23,40,39,1,71,71,71,34,31,23,39,1,72,72,72],
    "colors":[]
}