{
    "vertices":[-0.009768,0.469946,-0.128747,-0.009768,2.42563,-0.034608,0.077444,0.470361,-0.072555,0.004251,2.42563,-0.025619,0.077444,0.470361,0.039292,0.004251,2.42563,-0.00764,-0.009768,0.469946,0.095481,-0.009768,2.42563,0.001349,-0.09698,0.470361,0.039292,-0.023787,2.42563,-0.00764,-0.09698,0.470361,-0.072555,-0.023787,2.42563,-0.025619,-0.009768,0.468947,-0.534283,0.392904,0.47086,-0.274836,0.392904,0.47086,0.241578,-0.009768,0.468947,0.501009,-0.412439,0.47086,0.241578,-0.412439,0.47086,-0.274836,-0.009768,0.817112,-0.445506,0.323845,0.818196,-0.230554,0.323845,0.818196,0.197295,-0.009768,0.817112,0.412232,-0.343381,0.818196,0.197295,-0.343381,0.818196,-0.230554,-0.009768,1.17735,-0.353652,0.252393,1.17757,-0.184736,0.252393,1.17757,0.151478,-0.009768,1.17735,0.320378,-0.271929,1.17757,0.151478,-0.271929,1.17757,-0.184736,-0.009768,1.52092,-0.266047,0.184245,1.52033,-0.141037,0.184245,1.52033,0.107779,-0.009768,1.52092,0.232773,-0.203781,1.52033,0.107779,-0.203781,1.52033,-0.141037,-0.009768,1.84414,-0.183628,0.120133,1.84279,-0.099926,0.120133,1.84279,0.066668,-0.009768,1.84279,0.149965,-0.139669,1.84279,0.066668,-0.139669,1.84279,-0.099926,-0.009768,1.84414,-0.25299,0.174088,1.84279,-0.134524,0.174088,1.84279,0.101266,-0.009768,1.84414,0.219716,-0.193624,1.84279,0.101266,-0.193624,1.84279,-0.134524,0.247629,1.52033,-0.181681,0.247629,1.52033,0.148423,-0.009768,1.52092,0.314254,-0.267165,1.52033,0.148423,-0.267165,1.52033,-0.181681,-0.009768,1.52092,-0.347528,0.323581,1.17757,-0.230384,0.323581,1.17757,0.197126,-0.009768,1.17735,0.411893,-0.343117,1.17757,0.197126,-0.343117,1.17757,-0.230384,-0.009768,1.17735,-0.445167,0.394176,0.818196,-0.275652,0.394176,0.818196,0.242394,-0.009768,0.817112,0.502644,-0.413712,0.818196,0.242394,-0.413712,0.818196,-0.275652,-0.009768,0.817112,-0.535918,0.449789,0.47086,-0.311313,0.449789,0.47086,0.278055,-0.009768,0.468947,0.574137,-0.469324,0.47086,0.278055,-0.469324,0.47086,-0.311313,-0.009768,0.468947,-0.60741,-0.009768,-0.017674,-0.139922,0.086137,-0.017218,-0.078129,0.086137,-0.017218,0.044867,-0.009768,-0.017674,0.106656,-0.105673,-0.017218,0.044867,-0.105673,-0.017218,-0.078129,-0.009768,0.26851,-0.120398,-0.090486,0.268893,-0.068391,-0.090486,0.268893,0.035128,-0.009768,0.26851,0.087133,0.07095,0.268893,0.035128,0.07095,0.268893,-0.068391],
    "normals":[0.517909,-0.800856,-0.300665,0.96007,0,-0.279761,0.517866,0.800887,-0.300657,-0.517866,0.800887,-0.300657,-0,0,-1,0,0,-1,-0.51791,-0.800856,-0.300665,-0.96007,0,-0.279761,-0.540542,-0.839366,-0.057262,-0.001583,0,0.999999,-0.003162,0.002463,0.999992,-0.003162,-0.002463,0.999992,0.003162,-0.002463,0.999992,0.001583,0,0.999999,0.003162,0.002463,0.999992,-0.940107,0,-0.340881,-0.503389,-0.783418,-0.364494,-0.503368,0.783431,-0.364495,0.503367,0.783432,-0.364494,0.940107,0,-0.340881,0.503389,-0.783418,-0.364494,-0.930223,0,-0.366996,-0.497775,-0.773759,-0.391814,-0.497749,0.773775,-0.391815,0.497749,0.773775,-0.391815,0.930223,0,-0.366996,0.497775,-0.773759,-0.391814,-0.92638,0,-0.37659,-0.496181,-0.769652,-0.401795,-0.496149,0.769672,-0.401796,0.496149,0.769673,-0.401797,0.92638,0,-0.37659,0.496181,-0.769652,-0.401795,-0.929949,0,-0.367688,-0.499575,-0.77227,-0.392458,-0.497743,0.772864,-0.393616,0.497742,0.772864,-0.393617,0.929949,0,-0.367688,0.499575,-0.77227,-0.392458,-0.54052,0.839381,-0.057262,0.998594,0,-0.053006,-0.998594,0,-0.053006,0.540542,-0.839366,-0.057262,0.540519,0.839381,-0.057262,0.541389,0.840051,0.034815,0.541412,-0.840036,0.034815,-0.999481,0,0.032217,0.999481,0,0.032217,-0.541389,0.840051,0.034815,-0.541412,-0.840036,0.034815],
    "name":"CylinderGeometry",
    "metadata":{
        "version":3,
        "normals":50,
        "materials":2,
        "uvs":0,
        "colors":0,
        "generator":"io_three",
        "type":"Geometry",
        "faces":52,
        "vertices":84
    },
    "materials":[{
        "DbgColor":15658734,
        "depthTest":true,
        "transparent":false,
        "DbgName":"Material.002",
        "visible":true,
        "depthWrite":true,
        "shading":"phong",
        "DbgIndex":0,
        "colorEmissive":[0,0,0],
        "blending":"NormalBlending",
        "specularCoef":50,
        "opacity":1,
        "wireframe":false,
        "colorDiffuse":[0.007895,0.058588,0.01707],
        "vertexColors":false,
        "colorSpecular":[0.002954,0.004038,0.002166]
    },{
        "DbgColor":15597568,
        "depthTest":true,
        "transparent":false,
        "DbgName":"Material.003",
        "visible":true,
        "depthWrite":true,
        "shading":"phong",
        "DbgIndex":1,
        "colorEmissive":[0,0,0],
        "blending":"NormalBlending",
        "specularCoef":50,
        "opacity":1,
        "wireframe":false,
        "colorDiffuse":[0.138684,0.105324,0.058005],
        "vertexColors":false,
        "colorSpecular":[0.015532,0.015532,0.015532]
    }],
    "uvs":[],
    "faces":[35,42,1,3,43,0,0,0,0,0,35,43,3,5,44,0,1,1,1,1,35,44,5,7,45,0,2,2,2,2,35,45,7,9,46,0,3,3,3,3,34,3,1,11,0,4,4,4,34,3,11,5,0,5,5,5,34,11,9,5,0,5,5,5,34,9,7,5,0,5,5,5,35,47,11,1,42,0,6,6,6,6,35,46,9,11,47,0,7,7,7,7,35,79,78,72,77,1,8,8,8,8,35,8,16,17,10,0,9,9,9,9,35,12,0,10,17,0,10,10,10,10,35,6,15,16,8,0,11,11,11,11,35,4,14,15,6,0,12,12,12,12,35,2,13,14,4,0,13,13,13,13,35,0,12,13,2,0,14,14,14,14,35,69,22,23,70,0,15,15,15,15,35,70,23,18,71,0,16,16,16,16,35,68,21,22,69,0,17,17,17,17,35,67,20,21,68,0,18,18,18,18,35,66,19,20,67,0,19,19,19,19,35,71,18,19,66,0,20,20,20,20,35,63,28,29,64,0,21,21,21,21,35,64,29,24,65,0,22,22,22,22,35,62,27,28,63,0,23,23,23,23,35,61,26,27,62,0,24,24,24,24,35,60,25,26,61,0,25,25,25,25,35,65,24,25,60,0,26,26,26,26,35,57,34,35,58,0,27,27,27,27,35,58,35,30,59,0,28,28,28,28,35,56,33,34,57,0,29,29,29,29,35,55,32,33,56,0,30,30,30,30,35,54,31,32,55,0,31,31,31,31,35,59,30,31,54,0,32,32,32,32,35,51,40,41,52,0,33,33,33,33,35,52,41,36,53,0,34,34,34,34,35,50,39,40,51,0,35,35,35,35,35,49,38,39,50,0,36,36,36,36,35,48,37,38,49,0,37,37,37,37,35,53,36,37,48,0,38,38,38,38,35,81,80,76,75,1,39,39,39,39,35,83,82,74,73,1,40,40,40,40,35,80,79,77,76,1,41,41,41,41,35,78,83,73,72,1,42,42,42,42,35,82,81,75,74,1,43,43,43,43,35,4,6,81,82,1,44,44,44,44,35,0,2,83,78,1,45,45,45,45,35,8,10,79,80,1,46,46,46,46,35,2,4,82,83,1,47,47,47,47,35,6,8,80,81,1,48,48,48,48,35,10,0,78,79,1,49,49,49,49],
    "colors":[]
}