{
    "materials":[{
        "shading":"phong",
        "DbgName":"Material.001",
        "opacity":1,
        "transparent":false,
        "specularCoef":50,
        "wireframe":false,
        "visible":true,
        "blending":"NormalBlending",
        "DbgIndex":0,
        "vertexColors":false,
        "colorSpecular":[0.02237,0.03186,0.010941],
        "depthWrite":true,
        "colorEmissive":[0,0,0],
        "colorDiffuse":[0.083543,0.117851,0.016113],
        "DbgColor":15658734,
        "depthTest":true
    }],
    "vertices":[0.005566,0.001871,-0.037029,0.005772,0.029654,-0.034003,0.028758,0.001624,-0.023583,0.022527,0.02907,-0.024195,0.028758,0.001624,0.003192,0.022527,0.02907,-0.004858,0.00557,0.001624,0.016579,0.005781,0.02907,0.00481,-0.017618,0.001624,0.003192,-0.010966,0.02907,-0.004858,-0.017618,0.001624,-0.023583,-0.010965,0.029089,-0.024199,0.029086,0.022333,-0.018385,0.042687,0.008362,-0.024095,0.042687,0.008362,0.001577,0.029086,0.022333,-0.008542,0.250196,0.013099,-0.061745,0.249984,0.013113,-0.064397,0.254118,0.010719,-0.061807,0.249929,0.011492,-0.063049,-0.00113,0.022836,0.008895,-0.001245,0.007858,0.028229,-0.02508,0.007858,0.014468,-0.010268,0.022836,0.003619,-0.142413,0.018674,0.240027,-0.142093,0.01602,0.245201,-0.148176,0.016144,0.24169,-0.144749,0.018708,0.238678,-0.002676,0.010893,-0.048884,-0.00258,0.0228,-0.036732,-0.010111,0.021947,-0.032177,-0.02233,0.009239,-0.03714,-0.077485,0.014168,-0.233338,-0.077243,0.018412,-0.229386,-0.079764,0.018313,-0.228001,-0.084496,0.013402,-0.229838,0.109271,0.071616,0.007533,0.108765,0.056733,-0.073598,0.101488,0.032774,-0.098253,0.139816,0.055207,0.048431,-0.000928,0.016209,-0.131185,-0.062329,0.056113,-0.104037,-0.113295,0.03501,-0.083898,-0.000758,0.018047,-0.130601,-0.065822,0.053348,0.066354,0.0004,0.04254,0.118577,-8e-06,0.041525,0.114232,-0.129485,0.039248,0.055483,0.006875,0.12858,-0.01514,0.00604,0.128694,-0.015636,0.006968,0.128686,-0.014205,0.006231,0.128872,-0.013756,0.005389,0.128963,-0.014257,0.005293,0.128896,-0.015203,0.00727,0.119502,-0.011395,0.005718,0.123822,-0.012699,0.009232,0.118157,-0.015925,0.009043,0.117689,-0.012931,0.005239,0.124734,-0.015621,0.007585,0.120876,-0.017218,-0.001002,0.090988,-0.010611,0.012563,0.090988,-0.010611,-0.001002,0.090988,-0.018443,0.005781,0.090988,-0.006694,0.012563,0.090988,-0.018443,0.005781,0.090988,-0.022359,-0.001798,0.086039,-0.010151,0.01336,0.086039,-0.010151,-0.001798,0.086039,-0.018902,0.005781,0.086039,-0.005775,0.01336,0.086039,-0.018902,0.005781,0.086039,-0.023278,-0.001359,0.124138,-0.000776,-0.001322,0.124465,-0.0009,-0.00093,0.12101,0.000955,-0.000988,0.12012,0.001156,-0.000761,0.13114,-0.020644,-0.000861,0.130839,-0.020779,-0.002797,0.12422,-0.030333,-0.003226,0.123944,-0.029467,0.020372,0.127887,-0.01018,0.020331,0.12796,-0.010475,0.023241,0.124027,-0.010711,0.024039,0.123237,-0.009577,0.059163,0.066255,-0.086356,0.059049,0.067094,-0.086292,0.057945,0.064274,-0.08762,0.05795,0.065355,-0.087418,0.016508,0.083452,-0.060689,0.016391,0.08056,-0.060951,0.048673,0.092643,-0.041687,0.045489,0.094551,-0.041714,-0.092173,0.062714,-0.009572,-0.092246,0.062474,-0.011525,-0.092363,0.0615,-0.009461,-0.092449,0.061217,-0.011642,-0.042588,0.086395,-0.034853,-0.042611,0.089175,-0.035139,-0.043574,0.095335,0.014697,-0.043117,0.092454,0.011737,0.042093,0.037835,0.074056,0.042012,0.038075,0.074022,0.043429,0.039602,0.071395,0.043698,0.039951,0.07079,-0.000327,0.077101,0.041583,-0.000872,0.079268,0.04169,0.040733,0.08664,0.022683,0.042689,0.085816,0.023063],
    "uvs":[],
    "name":"CylinderGeometry",
    "colors":[],
    "metadata":{
        "uvs":0,
        "generator":"io_three",
        "colors":0,
        "type":"Geometry",
        "faces":91,
        "materials":1,
        "vertices":108,
        "version":3,
        "normals":91
    },
    "normals":[0.50238,-0.859697,-0.092388,0.716529,-0,-0.697557,0.469309,0.812868,-0.344955,-0.332726,0.576298,-0.746441,-0.317844,0.155304,-0.935337,-0.971871,7.4e-05,-0.235513,0.312024,-0.156778,-0.937049,0.243499,-0.941623,-0.232496,0.219869,0.850244,-0.47827,0.367749,0.72115,-0.587114,0.257324,-0.676026,-0.690487,0.403514,0.040126,-0.914093,0.001556,0.196446,-0.980514,0.680424,0.593488,-0.429878,-0.897246,-0.307267,-0.317074,-0.245457,0.453095,-0.857004,0.639972,0.752621,-0.154911,-0.249759,0.087314,-0.964363,0.400414,-0.307289,-0.863274,-0.401339,-0.610948,-0.6824,-0.898883,0.169896,-0.403912,0.655835,-0.706759,-0.265278,-0.397227,-0.662715,-0.634838,-0.469311,-0.208618,-0.858036,0.609347,-0.469432,-0.639007,-0.510174,0.720842,-0.469158,-0.713872,-0.599913,-0.361235,-0.485706,-0.138497,-0.863081,0.999671,0.020204,0.015821,-0.232732,0.647578,-0.725588,0.491189,-0.004921,-0.871039,-0.234144,-0.738353,-0.632465,0.999322,-0.004149,0.036588,0.278006,-0.187285,-0.942145,0.19914,-0.111343,-0.973625,0.198737,-0.08915,-0.97599,0.175447,-0.12838,-0.976082,0.17534,-0.118127,-0.977395,0.063669,-0.033965,-0.997393,-0.98939,0.144828,0.011536,0.732727,-0.637017,-0.239418,0.709244,0.667226,-0.227555,-0.604633,0.355119,0.712959,-0.456987,-0.873637,-0.167095,0.551919,0.824457,-0.125128,0.550534,-0.825324,-0.125509,-0.979939,0.059837,-0.190105,0.99176,0.022795,-0.126063,-0.463802,0.87164,-0.158532,-0.49365,0.855026,-0.158871,0.987299,-0,-0.158871,-0.41734,-0.908538,0.01964,-0.50316,-0.856438,-0.11552,-0.706963,0.677155,0.204121,-0.49365,-0.855026,-0.158871,-0.499959,-0.850995,-0.160772,0.49365,0.855026,-0.158871,0.499905,-0.851051,-0.160646,-0.987297,6.9e-05,-0.158888,0.987299,0,-0.158871,-0.49365,0.855026,-0.158871,-0.782014,0.584457,-0.216482,-0.73718,-0.460703,0.494286,0.803734,0.532791,-0.264849,-0.835466,-0.489233,0.250294,-0.832415,-0.191587,-0.519981,0.019086,0.362932,-0.93162,-0.771757,0.563344,0.295017,0.724945,-0.558575,-0.403049,0.791717,-0.100968,-0.602487,0.302836,-0.936341,-0.177642,-0.25494,0.966696,-0.022437,0.427465,-0.320599,0.845275,0.589081,-0.795189,-0.143727,0.612327,-0.280859,-0.739035,4.1e-05,-0.538333,-0.842732,-0.178746,-0.188929,-0.965586,0.516295,0.819722,-0.247983,-0.958696,-0.278796,-0.056347,-0.987516,0.01817,-0.15647,-0.009858,0.820469,0.571606,-0.51301,-0.113951,-0.850785,0.019099,-0.105878,-0.994196,0.440624,0.84942,0.290407,0.368542,-0.929474,0.01599,0.820858,0.538573,-0.190082,0.189978,0.672194,-0.715586,0.219188,0.672531,-0.706866,0.738888,-0.620799,-0.262017,-0.051407,0.205777,-0.977248,-0.984163,-0.151153,0.092607],