{
    "vertices":[0.184771,0.009602,0.249346,-0.030836,0.017928,0.245546,-0.106527,0.018924,-0.00617,0.135811,0.208509,0.292688,-0.107282,0.164575,0.156342,0.169684,0.22162,-0.254871,0.213245,0.27687,0.014343,0.106234,0.300758,0.145009,0.121563,-0.040882,0.170901,0.255443,0.001619,-0.006161,0.168049,-0.043087,-0.106657,-0.019474,-0.045341,-0.083242,-0.029624,0.013591,-0.246499,0.183548,0.010981,-0.247401,0.276493,0.116705,0.096368,0.275393,0.112806,-0.098277,0.077584,0.115495,0.338467,0.201919,0.113801,0.271233,-0.048692,0.114128,0.273128,-0.050649,0.11719,-0.270066,-0.109036,0.158717,-0.152019,0.204183,0.117082,-0.268991,0.077221,0.12741,-0.333796,0.224496,0.224939,0.165489,0.022853,0.224189,0.275844,-0.099266,0.227561,-0.000906,0.022044,0.224916,-0.273978,-0.011801,0.292595,0.105432,-0.011726,0.29236,-0.105384,0.111468,0.291586,-0.172558],
    "metadata":{
        "version":3,
        "type":"Geometry",
        "uvs":0,
        "normals":56,
        "generator":"io_three",
        "vertices":30,
        "materials":1,
        "colors":0,
        "faces":56
    },
    "materials":[{
        "colorDiffuse":[0.135319,0.165296,0.191642],
        "opacity":1,
        "transparent":false,
        "colorEmissive":[0,0,0],
        "specularCoef":50,
        "DbgName":"Material.001",
        "depthWrite":true,
        "blending":"NormalBlending",
        "shading":"phong",
        "visible":true,
        "DbgIndex":0,
        "depthTest":true,
        "vertexColors":false,
        "wireframe":false,
        "colorSpecular":[0.144148,0.144148,0.144148],
        "DbgColor":15658734
    }],
    "uvs":[],
    "name":"IcosphereGeometry",
    "colors":[],
    "faces":[34,0,8,9,0,0,0,0,34,0,9,14,0,1,1,1,34,1,0,16,0,2,2,2,34,2,1,4,0,3,3,3,34,0,14,17,0,4,4,4,34,1,16,18,0,5,5,5,34,2,4,20,0,6,6,6,34,12,19,22,0,7,7,7,34,13,21,15,0,8,8,8,34,3,23,7,0,9,9,9,34,4,24,27,0,10,10,10,34,20,25,28,0,11,11,11,34,5,26,29,0,12,12,12,34,6,29,7,0,13,13,13,34,6,5,29,0,14,14,14,34,29,28,7,0,15,15,15,34,29,26,28,0,16,16,16,34,26,20,28,0,17,17,17,34,28,27,7,0,18,18,18,34,28,25,27,0,19,19,19,34,25,4,27,0,20,20,20,34,27,24,7,0,21,21,21,34,24,3,7,0,22,22,22,34,7,23,6,0,23,23,23,34,15,5,6,0,24,24,24,34,15,21,5,0,25,25,25,34,22,26,5,0,26,26,26,34,22,19,26,0,27,27,27,34,19,20,26,0,28,28,28,34,20,4,25,0,29,29,29,34,18,24,4,0,30,30,30,34,18,16,24,0,31,31,31,34,16,3,24,0,32,32,32,34,17,23,3,0,33,33,33,34,17,14,23,0,34,34,34,34,14,6,23,0,35,35,35,34,21,22,5,0,36,36,36,34,21,13,22,0,37,37,37,34,13,12,22,0,38,38,38,34,19,12,20,0,39,39,39,34,12,2,20,0,40,40,40,34,4,1,18,0,41,41,41,34,16,17,3,0,42,42,42,34,16,0,17,0,43,43,43,34,14,15,6,0,44,44,44,34,14,9,15,0,45,45,45,34,9,13,15,0,46,46,46,34,10,11,13,0,47,47,47,34,11,12,13,0,48,48,48,34,11,2,12,0,49,49,49,34,11,1,2,0,50,50,50,34,11,8,1,0,51,51,51,34,9,10,13,0,52,52,52,34,9,8,10,0,53,53,53,34,8,11,10,0,54,54,54,34,8,0,1,0,55,55,55],
    "normals":[0.485945,0.161249,0.858986,0.884109,0.256739,0.390432,-0.038853,0.7448,0.666156,-0.911101,0.272743,0.309041,0.897142,0.37883,0.227208,-0.432367,0.842335,0.321762,-0.999913,0.005911,0.011779,-0.410084,-0.867801,0.280627,0.89131,-0.378058,0.250276,0.440737,0.410405,-0.798322,-0.655741,0.39229,-0.645067,-0.744393,-0.236384,-0.624501,0.095877,-0.604423,-0.790873,0.188327,-0.025252,-0.981782,0.576488,-0.252746,-0.777033,-0.009545,-0.029026,-0.999533,-0.212119,-0.399298,-0.891946,-0.67625,-0.386367,-0.627221,-0.068606,-0.001139,-0.997643,-0.595813,-0.00111,-0.803122,-0.738888,0.217757,-0.637673,-0.195835,0.399349,-0.895639,0.040058,0.52358,-0.851034,0.491515,0.250029,-0.834205,0.844288,-0.235409,-0.481414,0.872272,-0.355436,-0.335868,0.118156,-0.815212,-0.566982,-0.446675,-0.852844,-0.270442,-0.717407,-0.518508,-0.46527,-0.990998,0.003094,-0.13384,-0.707546,0.547803,-0.446419,-0.445011,0.854422,-0.268194,-0.065306,0.878499,-0.473259,0.733128,0.560838,-0.384687,0.902702,0.38806,-0.185846,0.915556,0.068041,-0.396393,0.455385,-0.849917,-0.265076,0.422336,-0.868679,0.258901,-0.010749,-0.798289,0.602178,-0.898439,-0.352057,0.262416,-0.906924,-0.283284,0.311832,-0.902917,0.338647,0.264686,0.472849,0.87109,-0.132726,0.457344,0.852168,0.254257,0.932206,-0.012515,-0.361712,0.983992,-0.001993,0.178202,0.879317,-0.277087,0.38733,-0.033959,-0.361653,0.931694,-0.012951,-0.338788,0.940774,-0.692796,-0.206351,0.69098,-0.499961,0.146959,0.853488,-0.280173,0.17205,0.944406,0.630562,-0.216843,0.745232,0.387214,0.072152,0.919162,0.013287,0.010167,0.99986,-0.041787,0.564294,0.824516]
}