{
    "normals":[0.585336,-0.805646,-0.09119,0.947539,0.307875,-0.085923,0,0.999994,0.003573,-0,0,-1,0,0,-1,-0.587777,-0.809007,-0.00505,-0.949685,0.308572,0.053675,0,0,1,0,-0,1,-0.951056,0.309017,-0.001183,-0.587456,-0.808564,0.033461,0,0.998629,-0.052352,0.949897,0.30864,-0.04937,0.587782,-0.809012,0.00366,0.587763,-0.808986,0.008767,0.950901,0.308966,0.018108,0,0.997634,-0.068748,-0.585721,-0.806176,-0.083735,-0.942873,0.306358,-0.130902,-0.950092,0.308703,-0.045029,-0.587557,-0.808703,0.02786,0,0.994753,-0.102304,0.949017,0.308354,-0.06546,0.587718,-0.808923,0.015183,0.587752,-0.80897,0.010745,0.950156,0.308724,-0.043507,0,0.997665,-0.068294,-0,0,-1,-0.587675,-0.808865,0.019392,-0.950642,0.308882,-0.029539],
    "uvs":[],
    "faces":[35,10,1,3,11,0,0,0,0,0,35,11,3,5,12,1,1,1,1,1,35,12,5,7,13,1,2,2,2,2,34,3,1,9,0,3,3,3,34,3,9,7,0,3,3,3,34,3,7,5,0,4,4,4,35,14,9,1,10,1,5,5,5,5,35,13,7,9,14,1,6,6,6,6,34,4,6,8,0,7,7,7,34,2,4,8,0,7,7,7,34,0,2,8,0,8,8,8,35,6,13,14,8,0,9,9,9,9,35,10,0,8,14,0,10,10,10,10,35,4,12,13,6,0,11,11,11,11,35,2,11,12,4,0,12,12,12,12,35,0,10,11,2,0,13,13,13,13,35,25,16,18,26,1,14,14,14,14,35,26,18,20,27,1,15,15,15,15,35,27,20,22,28,1,16,16,16,16,34,18,16,24,0,3,3,3,34,18,24,22,0,3,3,3,34,18,22,20,0,4,4,4,35,29,24,16,25,1,17,17,17,17,35,28,22,24,29,1,18,18,18,18,34,19,21,23,0,7,7,7,34,17,19,23,0,7,7,7,34,15,17,23,0,8,8,8,35,21,28,29,23,0,19,19,19,19,35,23,29,25,15,0,20,20,20,20,35,19,27,28,21,0,21,21,21,21,35,17,26,27,19,0,22,22,22,22,35,15,25,26,17,0,23,23,23,23,35,30,31,33,32,0,24,24,24,24,35,32,33,35,34,0,25,25,25,25,35,34,35,37,36,0,26,26,26,26,34,33,31,39,0,27,27,27,34,33,39,37,0,3,3,3,34,33,37,35,0,4,4,4,35,38,39,31,30,0,28,28,28,28,35,36,37,39,38,0,29,29,29,29,34,34,36,38,0,7,7,7,34,32,34,38,0,7,7,7,34,30,32,38,0,8,8,8],
    "colors":[],
    "name":"CylinderGeometry",
    "metadata":{
        "normals":30,
        "generator":"io_three",
        "colors":0,
        "type":"Geometry",
        "uvs":0,
        "faces":43,
        "version":3,
        "vertices":40,
        "materials":2
    },
    "vertices":[-0.015357,-0.007373,-0.000765,-0.036142,0.516127,8.5e-05,-0.002331,-0.007373,0.008699,-0.03341,0.516127,0.00207,-0.007307,-0.007373,0.024011,-0.034454,0.516127,0.005283,-0.023407,-0.007373,0.024011,-0.037831,0.516127,0.005283,-0.028382,-0.007373,0.008699,-0.038875,0.516127,0.00207,-0.024688,0.360494,-0.009209,-0.017362,0.360494,-0.003886,-0.02016,0.360494,0.004726,-0.029216,0.360494,0.004726,-0.032014,0.360494,-0.003886,0.016724,-0.007689,-0.014286,0.019189,0.521446,-0.021704,0.041527,-0.007689,0.003735,0.020908,0.521446,-0.020455,0.032053,-0.007689,0.032892,0.020251,0.521446,-0.018434,0.001395,-0.007689,0.032892,0.018127,0.521446,-0.018434,-0.008079,-0.007689,0.003735,0.01747,0.521446,-0.020455,0.011998,0.430343,-0.025942,0.019245,0.430343,-0.020676,0.016477,0.430343,-0.012156,0.007518,0.430343,-0.012156,0.00475,0.430343,-0.020676,0.000286,-0.00793,-0.031367,-0.003577,0.517102,-0.041148,0.016772,-0.00793,-0.01939,-0.000845,0.517102,-0.039162,0.010475,-0.00793,-1e-05,-0.001888,0.517102,-0.03595,-0.009902,-0.00793,-1e-05,-0.005266,0.517102,-0.03595,-0.016199,-0.00793,-0.01939,-0.00631,0.517102,-0.039162],
    "materials":[{
        "colorEmissive":[0,0,0],
        "wireframe":false,
        "DbgIndex":0,
        "vertexColors":false,
        "specularCoef":50,
        "blending":"NormalBlending",
        "opacity":1,
        "DbgName":"Material.001",
        "depthTest":true,
        "visible":true,
        "depthWrite":true,
        "colorDiffuse":[0.052654,0.143089,0.006352],
        "transparent":false,
        "colorSpecular":[0,0,0],
        "shading":"phong",
        "DbgColor":15658734
    },{
        "colorEmissive":[0,0,0],
        "wireframe":false,
        "DbgIndex":1,
        "vertexColors":false,
        "specularCoef":50,
        "blending":"NormalBlending",
        "opacity":1,
        "DbgName":"Material.002",
        "depthTest":true,
        "visible":true,
        "depthWrite":true,
        "colorDiffuse":[0.166596,0.176206,0.051006],
        "transparent":false,
        "colorSpecular":[0.017528,0.024775,0.001214],
        "shading":"phong",
        "DbgColor":15597568
    }]
}