{
    "vertices":[0.233392,-0.00554,0.137172,0.005334,-0.002165,0.225813,-0.204259,-0.004918,0.038269,-0.052943,-0.004131,-0.185826,0.207362,-0.003613,-0.145173,0.072153,0.306733,0.131441,-0.091892,0.359294,0.087575,-0.146142,0.293258,-0.070514,0.079945,0.329561,-0.119207,0.184723,0.262848,-0.023715,0.01532,0.39932,-0.031923],
    "normals":[0.988035,-0.090235,-0.125077,0.357446,0.911982,-0.201299,-0.663925,0.740448,-0.104595,-0.827937,-0.559198,0.042639,0.152633,-0.979064,-0.134676,0.788116,0.454337,-0.415272,-0.148438,0.936341,-0.31817,-0.941243,0.213788,-0.261451,-0.245128,-0.927342,-0.282753,0.741937,-0.584052,-0.32926,0.605025,0.222748,-0.764413,0.164127,0.442547,-0.881598,-0.510651,-0.176278,-0.841524,-0.258219,-0.712559,-0.652367,0.624654,-0.149992,-0.766362],
    "faces":[34,0,4,9,0,0,0,0,34,1,0,5,0,1,1,1,34,2,1,6,0,2,2,2,34,3,2,7,0,3,3,3,34,4,3,8,0,4,4,4,34,0,9,5,0,5,5,5,34,1,5,6,0,6,6,6,34,2,6,7,0,7,7,7,34,3,7,8,0,8,8,8,34,4,8,9,0,9,9,9,34,5,9,10,0,10,10,10,34,6,5,10,0,11,11,11,34,7,6,10,0,12,12,12,34,8,7,10,0,13,13,13,34,9,8,10,0,14,14,14],
    "materials":[{
        "visible":true,
        "depthTest":true,
        "vertexColors":false,
        "DbgIndex":0,
        "opacity":1,
        "DbgName":"Material.001",
        "blending":"NormalBlending",
        "depthWrite":true,
        "colorSpecular":[0.016551,0.016551,0.016551],
        "transparent":false,
        "specularCoef":50,
        "DbgColor":15658734,
        "colorDiffuse":[0.16152,0.16152,0.16152],
        "wireframe":false,
        "shading":"phong",
        "colorEmissive":[0,0,0]
    }],
    "name":"IcosphereGeometry",
    "colors":[],
    "metadata":{
        "normals":15,
        "version":3,
        "uvs":0,
        "colors":0,
        "generator":"io_three",
        "type":"Geometry",
        "vertices":11,
        "faces":15,
        "materials":1
    },
    "uvs":[]
}