{
    "colors":[],
    "materials":[{
        "vertexColors":false,
        "DbgName":"Material.002",
        "colorDiffuse":[0.070446,0.130113,0.01357],
        "wireframe":false,
        "visible":true,
        "DbgIndex":0,
        "colorEmissive":[0,0,0],
        "specularCoef":50,
        "depthWrite":true,
        "blending":"NormalBlending",
        "colorSpecular":[0.0712,0.0712,0.0712],
        "depthTest":true,
        "shading":"phong",
        "opacity":1,
        "transparent":false,
        "DbgColor":15658734
    },{
        "vertexColors":false,
        "DbgName":"Material.004",
        "colorDiffuse":[0.64,0.538645,0.261551],
        "wireframe":false,
        "visible":true,
        "DbgIndex":2,
        "colorEmissive":[0,0,0],
        "specularCoef":50,
        "depthWrite":true,
        "blending":"NormalBlending",
        "colorSpecular":[0.5,0.436425,0.113931],
        "depthTest":true,
        "shading":"phong",
        "opacity":1,
        "transparent":false,
        "DbgColor":60928
    },{
        "vertexColors":false,
        "DbgName":"Material.003",
        "colorDiffuse":[0.64,0.260739,0.045966],
        "wireframe":false,
        "visible":true,
        "DbgIndex":1,
        "colorEmissive":[0,0,0],
        "specularCoef":50,
        "depthWrite":true,
        "blending":"NormalBlending",
        "colorSpecular":[0.5,0.254101,0.033676],
        "depthTest":true,
        "shading":"phong",
        "opacity":1,
        "transparent":false,
        "DbgColor":15597568
    }],
    "faces":[35,98,1,3,99,0,0,0,0,0,35,99,3,5,100,0,1,1,1,1,35,100,5,7,101,0,2,2,2,2,35,101,7,9,102,0,3,3,3,3,35,102,9,11,103,0,4,4,4,4,35,103,11,13,104,0,5,5,5,5,35,104,13,15,105,0,6,6,6,6,35,105,15,17,106,0,7,7,7,7,35,106,17,19,107,0,8,8,8,8,35,107,19,21,108,0,9,9,9,9,35,108,21,23,109,0,10,10,10,10,35,109,23,25,110,0,11,11,11,11,35,25,23,39,40,1,12,12,12,12,35,111,27,1,98,0,13,13,13,13,35,110,25,27,111,0,14,14,14,14,35,37,36,134,135,2,15,15,15,15,35,75,74,43,42,1,16,16,16,16,35,21,19,37,38,1,17,17,17,17,35,79,78,48,49,1,18,18,18,18,35,17,15,35,36,1,19,19,19,19,35,83,82,69,67,1,20,20,20,20,35,87,86,63,62,1,21,21,21,21,35,13,11,33,34,1,22,22,22,22,35,91,90,58,60,1,23,23,23,23,35,9,7,31,32,1,24,24,24,24,35,95,94,54,56,1,25,25,25,25,35,1,27,41,29,0,26,26,26,26,35,5,3,28,30,1,27,27,27,27,35,71,70,51,50,1,28,28,28,28,35,42,43,45,44,1,29,29,29,29,35,74,76,45,43,1,30,30,30,30,35,77,75,42,44,1,31,31,31,31,35,76,77,44,45,1,32,32,32,32,35,46,47,49,48,1,33,33,33,33,35,80,79,49,47,1,34,34,34,34,35,81,80,47,46,1,35,35,35,35,35,78,81,46,48,1,36,36,36,36,35,50,51,53,52,1,37,37,37,37,35,72,71,50,52,1,38,38,38,38,35,70,73,53,51,1,39,39,39,39,35,73,72,52,53,1,40,40,40,40,35,54,55,57,56,1,41,41,41,41,35,97,96,57,55,1,42,42,42,42,35,96,95,56,57,1,43,43,43,43,35,94,97,55,54,1,44,44,44,44,35,58,59,61,60,0,45,45,45,45,35,90,92,59,58,1,46,46,46,46,35,93,91,60,61,1,47,47,47,47,35,92,93,61,59,1,48,48,48,48,35,62,63,65,64,0,49,49,49,49,35,89,88,64,65,1,50,50,50,50,35,86,89,65,63,1,51,51,51,51,35,88,87,62,64,1,52,52,52,52,35,66,67,69,68,1,53,53,53,53,35,82,84,68,69,1,54,54,54,54,35,85,83,67,66,1,55,55,55,55,35,84,85,66,68,1,56,56,56,56,35,34,35,72,73,1,57,57,57,57,35,13,34,73,70,1,58,58,58,58,35,35,15,71,72,1,59,59,59,59,35,15,13,70,71,1,60,60,60,60,35,32,33,77,76,1,61,61,61,61,35,33,11,75,77,1,62,62,62,62,35,9,32,76,74,1,63,63,63,63,35,11,9,74,75,1,64,64,64,64,35,31,7,81,78,1,65,65,65,65,35,7,5,80,81,1,66,66,66,66,35,5,30,79,80,1,67,67,67,67,35,30,31,78,79,1,68,68,68,68,35,28,3,85,84,1,69,69,69,69,35,3,1,83,85,1,70,70,70,70,35,29,28,84,82,1,71,71,71,71,35,1,29,82,83,1,72,72,72,72,35,41,27,87,88,1,73,73,73,73,35,25,40,89,86,1,74,74,74,74,35,40,41,88,89,1,75,75,75,75,35,27,25,86,87,1,76,76,76,76,35,21,38,93,92,1,77,77,77,77,35,38,39,91,93,1,78,78,78,78,35,23,21,92,90,1,79,79,79,79,35,39,23,90,91,1,80,80,80,80,35,19,17,97,94,1,81,81,81,81,35,36,37,95,96,1,82,82,82,82,35,17,36,96,97,1,83,83,83,83,35,37,19,94,95,1,84,84,84,84,35,123,110,111,124,0,85,85,85,85,35,124,111,98,125,0,86,86,86,86,35,122,109,110,123,0,87,87,87,87,35,121,108,109,122,0,88,88,88,88,35,120,107,108,121,0,89,89,89,89,35,119,106,107,120,0,90,90,90,90,35,118,105,106,119,0,91,91,91,91,35,117,104,105,118,0,92,92,92,92,35,116,103,104,117,0,93,93,93,93,35,115,102,103,116,0,94,94,94,94,35,114,101,102,115,0,95,95,95,95,35,113,100,101,114,0,96,96,96,96,35,112,99,100,113,0,97,97,97,97,35,125,98,99,112,0,98,98,98,98,35,0,125,112,2,0,99,99,99,99,35,2,112,113,4,0,100,100,100,100,35,4,113,114,6,0,101,101,101,101,35,6,114,115,8,0,102,102,102,102,35,8,115,116,10,0,103,103,103,103,35,10,116,117,12,0,104,104,104,104,35,12,117,118,14,0,105,105,105,105,35,14,118,119,16,0,106,106,106,106,35,16,119,120,18,0,107,107,107,107,35,18,120,121,20,0,108,108,108,108,35,20,121,122,22,0,109,109,109,109,35,22,122,123,24,0,110,110,110,110,35,125,0,26,124,0,111,111,111,111,35,24,123,124,26,0,112,112,112,112,35,127,139,153,141,2,113,113,113,113,35,30,28,126,128,2,114,114,114,114,35,38,37,135,136,2,115,115,115,115,35,31,30,128,129,2,116,116,116,116,35,39,38,136,137,2,117,117,117,117,35,32,31,129,130,2,118,118,118,118,35,40,39,137,138,2,119,119,119,119,35,33,32,130,131,2,120,120,120,120,35,41,40,138,139,2,121,121,121,121,35,34,33,131,132,2,122,122,122,122,35,29,41,139,127,2,123,123,123,123,35,35,34,132,133,2,124,124,124,124,35,36,35,133,134,2,125,125,125,125,35,28,29,127,126,2,126,126,126,126,35,133,132,146,147,2,127,127,127,127,35,134,133,147,148,2,128,128,128,128,35,126,127,141,140,2,129,129,129,129,35,135,134,148,149,2,130,130,130,130,35,128,126,140,142,2,131,131,131,131,35,136,135,149,150,2,132,132,132,132,35,129,128,142,143,2,133,133,133,133,35,137,136,150,151,2,134,134,134,134,35,130,129,143,144,2,135,135,135,135,35,138,137,151,152,2,136,136,136,136,35,131,130,144,145,2,137,137,137,137,35,139,138,152,153,2,138,138,138,138,35,132,131,145,146,2,139,139,139,139],
    "metadata":{
        "colors":0,
        "generator":"io_three",
        "type":"Geometry",
        "uvs":0,
        "materials":3,
        "faces":140,
        "version":3,
        "vertices":154,
        "normals":140
    },
    "name":"CylinderGeometry",