{
    "vertices":[0.030392,0.026098,-0.036483,0.008408,0.338586,0.014248,0.075046,0.026098,0.058698,0.01078,0.34558,0.0466,-0.014262,0.026098,0.058698,-0.002659,0.364929,0.031122,-0.053693,0.147391,-0.006729,-0.029978,0.147391,0.04382,-0.077408,0.147391,0.04382,0.031346,0.076567,0.052507,-0.040536,0.076567,0.052507,-0.004595,0.076567,-0.024103,0.112437,0.343566,-0.033712,0.120921,0.344166,-0.007167,0.103482,0.340893,-0.008248,0.096654,0.34041,-0.029613,0.186935,0.203387,-0.073931,-0.531726,0.394418,0.036284,0.065617,0.670881,0.456851,-0.479006,0.721014,0.262282,-0.465111,0.61267,-0.326296,0.27829,0.569898,-0.492313,0.524477,0.782948,-0.1299,0.02184,0.994747,0.034335,0.215796,0.213779,0.146211,0.413893,0.294856,0.100133,-0.153668,0.206802,0.024438,-0.182403,0.337081,0.228018,-0.052578,0.214216,-0.185305,0.717859,0.55148,-0.03739,0.053251,0.496605,0.403973,0.533624,0.554817,0.136966,-0.448246,0.542508,0.124854,-0.279185,0.331152,-0.320878,-0.624164,0.55148,-0.03739,0.415865,0.364706,-0.320747,0.278778,0.260447,-0.268297,-0.396049,0.796732,-0.107284,-0.160601,0.586601,-0.459565,0.522751,0.745334,0.30365,0.329607,0.921312,0.036148,-0.317015,0.889427,0.159613,0.096121,0.849338,-0.316953],
    "faces":[35,6,1,3,7,0,0,0,0,0,35,8,5,1,6,0,1,1,1,1,35,7,3,5,8,0,2,2,2,2,35,9,7,8,10,0,3,3,3,3,35,10,8,6,11,0,4,4,4,4,35,11,6,7,9,0,5,5,5,5,35,11,9,14,15,0,6,6,6,6,35,11,0,4,10,0,7,7,7,7,35,2,9,10,4,0,8,8,8,8,35,9,2,13,14,0,9,9,9,9,35,0,11,15,12,0,10,10,10,10,35,2,0,12,13,0,11,11,11,11,34,16,24,27,1,12,12,12,34,16,27,26,1,13,13,13,34,16,26,28,1,14,14,14,34,17,27,32,1,15,15,15,34,17,32,34,1,16,16,16,34,36,35,29,1,17,17,17,34,19,18,41,1,18,18,18,34,20,37,23,1,19,19,19,34,21,38,42,1,20,20,20,34,22,21,40,1,21,21,21,34,40,42,23,1,22,22,22,34,40,21,42,1,23,23,23,34,42,38,23,1,24,24,24,34,38,20,23,1,25,25,25,34,23,37,41,1,26,26,26,34,37,19,41,1,27,27,27,34,41,39,23,1,28,28,28,34,41,18,39,1,29,29,29,34,39,40,23,1,30,30,30,34,39,22,40,1,31,31,31,34,29,21,22,1,32,32,32,34,29,35,21,1,33,33,33,34,36,38,21,1,34,34,34,34,36,33,38,1,35,35,35,34,33,20,38,1,36,36,36,34,34,37,20,1,37,37,37,34,34,32,37,1,38,38,38,34,32,19,37,1,39,39,39,34,32,18,19,1,40,40,40,34,32,30,18,1,41,41,41,34,31,39,18,1,42,42,42,34,31,22,39,1,43,43,43,34,35,36,21,1,44,44,44,34,33,34,20,1,45,45,45,34,33,28,34,1,46,46,46,34,28,17,34,1,47,47,47,34,27,30,32,1,48,48,48,34,30,31,18,1,49,49,49,34,30,25,31,1,50,50,50,34,31,29,22,1,51,51,51,34,31,25,29,1,52,52,52,34,25,36,29,1,53,53,53,34,16,28,36,1,54,54,54,34,28,33,36,1,55,55,55,34,26,17,28,1,56,56,56,34,26,27,17,1,57,57,57,34,25,16,36,1,58,58,58,34,25,24,16,1,59,59,59,34,27,24,30,1,60,60,60,34,24,25,30,1,61,61,61],
    "metadata":{
        "vertices":43,
        "faces":62,
        "normals":62,
        "version":3,
        "uvs":0,
        "type":"Geometry",
        "materials":2,
        "generator":"io_three",
        "colors":0
    },
    "name":"Cylinder.001Geometry.1",
    "materials":[{
        "visible":true,
        "vertexColors":false,
        "DbgColor":15597568,
        "opacity":1,
        "DbgName":"Material.003",
        "DbgIndex":1,
        "specularCoef":50,
        "depthTest":true,
        "transparent":false,
        "colorEmissive":[0,0,0],
        "wireframe":false,
        "colorSpecular":[0.5,0.5,0.5],
        "blending":"NormalBlending",
        "depthWrite":true,
        "colorDiffuse":[0.106535,0.046518,0.017151],
        "shading":"phong"
    },{
        "visible":true,
        "vertexColors":false,
        "DbgColor":15658734,
        "opacity":1,
        "DbgName":"Material",
        "DbgIndex":0,
        "specularCoef":50,
        "depthTest":true,
        "transparent":false,
        "colorEmissive":[0,0,0],
        "wireframe":false,
        "colorSpecular":[0.5,0.5,0.5],
        "blending":"NormalBlending",
        "depthWrite":true,
        "colorDiffuse":[0.103276,0.196955,0.002265],
        "shading":"phong"
    }],
    "normals":[0.933722,-0.274418,0.229908,-0.804248,-0.524257,-0.279893,-0.220285,0.971778,-0.084392,-0,0.992562,-0.121744,-0.802091,-0.3763,0.463733,0.730589,-0.342754,-0.590558,-0.865336,0.376115,-0.331257,-0.802091,-0.3763,0.463733,-0,0.992562,-0.121744,0.041363,0.978043,-0.204257,-0.245771,-0.96658,-0.072938,0.894682,-0.38948,0.218745,-0.27943,0.081794,0.956676,0.149972,0.547852,0.823023,-0.023476,-0.046617,0.998637,-0.496901,0.839012,0.221693,-0.678442,0.732541,0.055679,0.581762,-0.08698,0.808695,-0.203755,0.736526,-0.644991,-0.1651,-0.603523,-0.780065,-0.04469,-0.859042,-0.50995,0.108985,-0.557745,-0.822826,0.220713,-0.332822,-0.916796,0.548343,-0.499326,-0.670816,-0.525998,-0.417848,-0.740762,-0.187752,-0.583546,-0.790078,-0.359937,-0.209192,-0.909222,-0.727428,-0.022776,-0.685805,0.013967,0.665304,-0.746442,0.048649,0.550265,-0.833572,0.207282,0.428791,-0.879302,0.616728,0.070474,-0.784015,0.688951,-0.652961,-0.314624,0.713369,-0.693402,0.101477,-0.082475,-0.807207,0.584478,0.021012,-0.874518,0.484538,-0.404725,-0.869211,0.284023,-0.741511,-0.278992,-0.610185,-0.505304,0.583067,-0.636161,-0.975739,-0.218939,-0.00042,-0.31535,0.724904,0.612429,-0.489656,0.843401,0.221161,0.339509,0.717427,0.608302,0.998728,0.008292,-0.049742,0.134667,-0.802751,0.580909,-0.718966,-0.498419,0.484424,-0.492304,0.074897,0.867195,-0.510869,-0.622637,0.592736,-0.490106,0.846159,0.20931,0.491856,0.822859,0.284571,0.48813,0.804335,0.338783,0.52525,0.542461,-0.655628,0.630452,0.673561,0.385804,0.598769,-0.146039,0.787495,0.072284,-0.249349,0.965712,-0.042644,-0.610719,0.790698,-0.437441,-0.241457,0.866224,-0.383403,0.458825,0.801549,0.417729,-0.068581,0.90598,0.377623,-0.005799,0.925941,-0.067044,0.717951,0.692858,0.383227,0.781636,0.49212],
    "uvs":[],
    "colors":[]
}