{
    "metadata":{
        "type":"Geometry",
        "vertices":87,
        "materials":3,
        "normals":104,
        "generator":"io_three",
        "faces":104,
        "uvs":0,
        "colors":0,
        "version":3
    },
    "name":"CylinderGeometry",
    "materials":[{
        "visible":true,
        "colorEmissive":[0,0,0],
        "vertexColors":false,
        "DbgName":"Material.002",
        "wireframe":false,
        "DbgIndex":1,
        "specularCoef":50,
        "colorDiffuse":[0.150723,0.336019,0.088706],
        "DbgColor":15597568,
        "colorSpecular":[0.078614,0.5,0.125841],
        "transparent":false,
        "depthTest":true,
        "opacity":1,
        "depthWrite":true,
        "blending":"NormalBlending",
        "shading":"phong"
    },{
        "visible":true,
        "colorEmissive":[0,0,0],
        "vertexColors":false,
        "DbgName":"Material.003",
        "wireframe":false,
        "DbgIndex":2,
        "specularCoef":50,
        "colorDiffuse":[0.216068,0.307499,0.076814],
        "DbgColor":60928,
        "colorSpecular":[0.041327,0.187874,0.020509],
        "transparent":false,
        "depthTest":true,
        "opacity":1,
        "depthWrite":true,
        "blending":"NormalBlending",
        "shading":"phong"
    },{
        "visible":true,
        "colorEmissive":[0,0,0],
        "vertexColors":false,
        "DbgName":"Material.001",
        "wireframe":false,
        "DbgIndex":0,
        "specularCoef":50,
        "colorDiffuse":[0.236554,0.149338,0.102473],
        "DbgColor":15658734,
        "colorSpecular":[0.034989,0.034989,0.034989],
        "transparent":false,
        "depthTest":true,
        "opacity":1,
        "depthWrite":true,
        "blending":"NormalBlending",
        "shading":"phong"
    }],
    "normals":[-0.210121,0.728214,0.652344,-0.472097,0.858351,0.200892,0.521278,0.518175,0.678059,0.680975,0.699908,0.215411,0.197407,0.980194,0.015823,-0.890214,0.422645,-0.169971,-0.715284,0.095173,0.692322,0.717257,0.088638,0.691148,0.995295,0.090405,0.034857,-0.06045,0.92494,-0.375276,-0.996,-0.077602,-0.0443,0.00659,-0.65099,0.759058,0.928807,-0.330585,0.167425,0.646448,-0.391545,-0.654826,-0.835343,0.284084,-0.470636,-0.656099,-0.669514,-0.34826,0.003881,-0.998753,-0.049773,0.434971,-0.883415,-0.174292,0.183128,-0.755991,-0.628444,-0.550835,-0.550617,-0.627218,-0.393346,0.81829,-0.419142,-0.660149,0.409395,-0.629761,0.223015,0.875455,-0.42877,0.300169,0.550413,-0.779066,-0.074265,0.409475,-0.909294,-0.963652,-0.159493,-0.21433,-0.713431,0.66587,0.218251,0.764774,0.610846,0.20491,0.936321,0.198563,-0.289611,-0.272381,-0.226918,-0.935049,-0.920966,-0.205424,0.331092,0.333798,0.426909,0.840433,0.971886,0.161033,0.171772,0.801564,-0.588696,-0.104555,-0.854738,-0.486588,-0.180706,-0.351655,-0.584364,0.73134,0.034758,-0.461233,0.886598,0.644095,-0.495337,0.582909,0.507156,-0.718249,0.476353,-0.314564,-0.793351,0.521194,-0.050059,-0.932826,0.356833,0.298216,-0.922948,0.243383,-0.489719,-0.832611,0.258715,-0.74987,-0.622076,-0.225205,0.386051,-0.876332,-0.288109,0.890386,-0.418534,0.179004,0.324609,-0.033787,0.945245,-0.944335,0.224437,0.240541,-0.410789,-0.909991,-0.056287,0.537071,-0.764391,-0.356736,0.904476,0.273578,0.327228,-0.585984,0.653882,0.478603,-0.78242,0.542282,-0.306185,-0.630962,0.302096,-0.71458,0.974498,-0.134132,-0.179895,0.775927,0.621524,0.107916,-0.115516,0.992832,0.03067,-0.591387,0.719957,-0.363212,-0.618129,0.710117,-0.33712,0.886757,0.428093,-0.174353,0.290563,-0.954819,0.062395,0.952811,0.298325,-0.056157,0.001054,0.978577,-0.205877,0.255024,0.443431,0.859262,-0.584352,-0.810735,0.035245,-0.940274,0.304735,-0.151728,0.904652,-0.422409,0.056344,-0.944215,0.328662,-0.020937,-0.575548,-0.809151,-0.118402,0.104196,0.993492,0.046006,0.962703,0.270414,-0.008938,0.672783,-0.734017,-0.092643,-0.944038,0.306761,-0.121201,-0.584468,-0.808946,0.06327,0.018434,0.986904,-0.160251,0.957666,0.285924,-0.033502,0.347413,-0.499691,0.793482,0.702284,-0.695193,0.153308,0.989779,0.118225,0.079757,0.019532,0.988045,-0.152926,-0.564453,-0.824097,0.047502,-0.94858,0.295874,-0.11249,-0.863364,0.472317,-0.177535,-0.890574,-0.401125,-0.214422,-0.460018,0.410368,-0.787389,0.873126,0.477108,0.100098,-0.965903,0.248057,-0.074153,-0.418661,-0.904194,0.084595,-0.347215,-0.63261,-0.692276,0.99883,-0.043836,0.020433,0.705459,-0.70396,0.082268,0.452678,-0.891674,3.9e-05,0.995673,0.091173,0.017961,0.277305,0.96078,-0.001746,-0.36354,-0.931575,0.00249,-0.954802,0.289005,-0.069491,-0.165815,-0.300253,-0.939337,-0.937678,0.273824,-0.213962,0.457218,0.589072,0.666293,0.932742,-0.339409,0.121629,0.753703,0.643124,-0.135364,-0.568682,-0.535519,-0.624356,-0.720386,-0.692556,-0.037551,0.179554,-0.190247,0.965177],
    "faces":[34,0,1,2,0,0,0,0,34,1,0,5,0,1,1,1,34,0,2,3,0,2,2,2,34,0,3,4,0,3,3,3,34,0,4,5,0,4,4,4,34,1,5,10,0,5,5,5,34,2,1,6,0,6,6,6,34,3,2,7,0,7,7,7,34,4,3,8,0,8,8,8,34,5,4,9,0,9,9,9,34,1,10,6,0,10,10,10,34,2,6,7,0,11,11,11,34,3,7,8,0,12,12,12,34,4,8,9,0,13,13,13,34,5,9,10,0,14,14,14,34,6,10,11,0,15,15,15,34,7,6,11,0,16,16,16,34,8,7,11,0,17,17,17,34,9,8,11,0,18,18,18,34,10,9,11,0,19,19,19,34,12,13,14,0,20,20,20,34,13,12,17,0,21,21,21,34,12,14,15,0,22,22,22,34,12,15,16,0,23,23,23,34,12,16,17,0,24,24,24,34,13,17,22,0,25,25,25,34,14,13,18,0,26,26,26,34,15,14,19,0,27,27,27,34,16,15,20,0,28,28,28,34,17,16,21,0,29,29,29,34,13,22,18,0,30,30,30,34,14,18,19,0,31,31,31,34,15,19,20,0,32,32,32,34,16,20,21,0,33,33,33,34,17,21,22,0,34,34,34,34,18,22,23,0,35,35,35,34,19,18,23,0,36,36,36,34,20,19,23,0,37,37,37,34,21,20,23,0,38,38,38,34,22,21,23,0,39,39,39,34,24,25,26,1,40,40,40,34,25,24,29,1,41,41,41,34,24,26,27,1,42,42,42,34,24,27,28,1,43,43,43,34,24,28,29,1,44,44,44,34,25,29,34,1,45,45,45,34,26,25,30,1,46,46,46,34,27,26,31,1,47,47,47,34,28,27,32,1,48,48,48,34,29,28,33,1,49,49,49,34,25,34,30,1,50,50,50,34,26,30,31,1,51,51,51,34,27,31,32,1,52,52,52,34,28,32,33,1,53,53,53,34,29,33,34,1,54,54,54,34,30,34,35,1,55,55,55,34,31,30,35,1,56,56,56,34,32,31,35,1,57,57,57,34,33,32,35,1,58,58,58,34,34,33,35,1,59,59,59,35,51,37,39,52,2,60,60,60,60,35,52,39,41,53,2,61,61,61,61,35,53,41,43,54,2,62,62,62,62,35,72,71,82,81,2,63,63,63,63,35,55,45,37,51,2,64,64,64,64,35,54,43,45,55,2,65,65,65,65,35,71,66,80,82,2,66,66,66,66,35,42,49,50,44,2,67,67,67,67,35,44,50,46,36,2,68,68,68,68,35,40,48,49,42,2,69,69,69,69,35,38,47,48,40,2,70,70,70,70,35,36,46,47,38,2,71,71,71,71,35,58,54,55,59,2,72,72,72,72,35,59,55,51,60,2,73,73,73,73,35,57,53,54,58,2,74,74,74,74,35,56,52,53,57,2,75,75,75,75,35,84,83,61,64,2,76,76,76,76,35,69,60,56,65,2,77,77,77,77,35,65,56,57,66,2,78,78,78,78,35,66,57,58,67,2,79,79,79,79,35,68,59,60,69,2,80,80,80,80,35,67,58,59,68,2,81,81,81,81,35,67,72,81,79,2,82,82,82,82,35,83,85,62,61,2,83,83,83,83,35,85,86,63,62,2,84,84,84,84,35,86,84,64,63,2,85,85,85,85,35,72,67,68,73,2,86,86,86,86,35,73,68,69,74,2,87,87,87,87,35,80,79,76,75,2,88,88,88,88,35,70,65,66,71,2,89,89,89,89,35,74,69,65,70,2,90,90,90,90,35,46,74,70,47,2,91,91,91,91,35,47,70,71,48,2,92,92,92,92,35,48,71,72,49,2,93,93,93,93,35,50,73,74,46,2,94,94,94,94,35,49,72,73,50,2,95,95,95,95,35,66,67,79,80,2,96,96,96,96,35,79,81,78,76,2,97,97,97,97,35,81,82,77,78,2,98,98,98,98,35,82,80,75,77,2,99,99,99,99,35,52,56,84,86,2,100,100,100,100,35,51,52,86,85,2,101,101,101,101,35,60,51,85,83,2,102,102,102,102,35,56,60,83,84,2,103,103,103,103],
    "uvs":[],
    "colors":[],