{
    "vertices":[0.003558,-0.007516,-0.015328,0.003558,0.181922,0.001875,0.010409,-0.007516,-0.001142,0.004669,0.181922,0.004174,0.007792,-0.007516,0.021812,0.004244,0.181922,0.007894,-0.000676,-0.007516,0.021812,0.002872,0.181922,0.007894,-0.003293,-0.007516,-0.001142,0.002448,0.181922,0.004174,0.003558,0.055455,-0.012951,0.009616,0.055455,-0.000407,0.007302,0.055455,0.019888,-0.000186,0.055455,0.019888,-0.002499,0.055455,-0.000407,0.008827,0.160597,0.065074,-0.018124,0.143555,-0.039992,-0.020918,0.141741,-0.045026,0.030559,0.173294,0.035457],
    "normals":[0.89932,-0.434317,-0.050915,0.992964,0.113204,-0.034744,-0,0.995533,-0.094417,-0,0,-1,0,0,-1,-0.89932,-0.434318,-0.050915,-0.992964,0.113204,-0.034744,0,0,1,0,-0,1,-0.993502,0.113266,-0.011196,-0.881289,0.469411,-0.054613,0,-0.918749,-0.394842,0.900366,-0.434823,-0.016417,-0.98589,0.166906,-0.012775,0.848574,0.409811,-0.334631,0.821841,-0.569311,-0.021495,-0.621178,0.783437,-0.019093,0.984807,0.112275,0.132475,0.89932,-0.434318,-0.050915,0.992964,0.113205,-0.034744,-0,0.995533,-0.094417,-0.89932,-0.434318,-0.050915,-0.992964,0.113205,-0.034744,-0.993502,0.113266,-0.011196,-0.919472,0.393093,-0.006998,-0.972147,-0.110831,-0.206509,0.900366,-0.434823,-0.016417,-0,0.968447,0.249221,0.99881,-0.048358,-0.0063,0.863698,-0.500553,-0.058928,-0.876764,-0.423425,0.228028,0.838211,-0.545083,-0.016921],
    "faces":[34,1,3,11,0,0,0,0,34,3,5,12,0,1,1,1,34,5,7,13,0,2,2,2,34,3,1,9,0,3,3,3,34,3,9,7,0,3,3,3,34,3,7,5,0,4,4,4,34,9,1,10,0,5,5,5,34,7,9,14,0,6,6,6,34,2,4,6,0,7,7,7,34,2,6,8,0,7,7,7,34,0,2,8,0,8,8,8,34,13,14,8,0,9,9,9,34,14,16,17,0,10,10,10,34,12,13,15,0,11,11,11,34,10,11,2,0,12,12,12,34,13,6,15,0,13,13,13,34,14,10,16,0,14,14,14,34,10,0,17,0,15,15,15,34,12,4,18,0,16,16,16,34,4,2,18,0,17,17,17,34,10,1,11,0,18,18,18,34,11,3,12,0,19,19,19,34,12,5,13,0,20,20,20,34,14,9,10,0,21,21,21,34,13,7,14,0,22,22,22,34,6,13,8,0,23,23,23,34,8,14,17,0,24,24,24,34,11,12,18,0,25,25,25,34,0,10,2,0,26,26,26,34,6,4,15,0,27,27,27,34,4,12,15,0,28,28,28,34,16,10,17,0,29,29,29,34,0,8,17,0,30,30,30,34,2,11,18,0,31,31,31],
    "materials":[{
        "specularCoef":50,
        "colorDiffuse":[0.029297,0.213409,0],
        "depthWrite":true,
        "blending":"NormalBlending",
        "DbgName":"Material.001",
        "wireframe":false,
        "colorSpecular":[0.140505,0.140505,0.140505],
        "transparent":false,
        "depthTest":true,
        "visible":true,
        "colorEmissive":[0,0,0],
        "shading":"phong",
        "vertexColors":false,
        "DbgIndex":0,
        "DbgColor":15658734,
        "opacity":1
    }],
    "name":"CylinderGeometry",
    "uvs":[],
    "metadata":{
        "vertices":19,
        "normals":32,
        "materials":1,
        "type":"Geometry",
        "version":3,
        "faces":34,
        "generator":"io_three",
        "uvs":0,
        "colors":0
    },
    "colors":[]
}