{
    "uvs":[],
    "metadata":{
        "type":"Geometry",
        "uvs":0,
        "colors":0,
        "vertices":35,
        "materials":2,
        "version":3,
        "faces":34,
        "normals":29,
        "generator":"io_three"
    },
    "materials":[{
        "specularCoef":50,
        "colorEmissive":[0,0,0],
        "DbgName":"Material.003",
        "wireframe":false,
        "DbgIndex":1,
        "colorDiffuse":[0.12186,0.081288,0.027621],
        "visible":true,
        "colorSpecular":[0.5,0.5,0.5],
        "vertexColors":false,
        "shading":"phong",
        "opacity":1,
        "DbgColor":15597568,
        "depthWrite":true,
        "blending":"NormalBlending",
        "depthTest":true,
        "transparent":false
    },{
        "specularCoef":50,
        "colorEmissive":[0,0,0],
        "DbgName":"Material",
        "wireframe":false,
        "DbgIndex":0,
        "colorDiffuse":[0.084195,0.171228,0.006598],
        "visible":true,
        "colorSpecular":[0.5,0.5,0.5],
        "vertexColors":false,
        "shading":"phong",
        "opacity":1,
        "DbgColor":15658734,
        "depthWrite":true,
        "blending":"NormalBlending",
        "depthTest":true,
        "transparent":false
    }],
    "vertices":[0.018892,4.7e-05,-0.043102,0.018892,0.193023,-0.026861,0.054001,4.7e-05,-0.01669,0.039083,0.193023,-0.011672,0.04059,4.7e-05,0.026044,0.031371,0.193023,0.012905,-0.002807,4.7e-05,0.026044,0.006412,0.193023,0.012905,-0.016218,4.7e-05,-0.01669,-0.0013,0.193023,-0.011672,-0.003616,0.109631,-0.031135,0.018373,0.099724,-0.012993,0.009974,0.103508,0.016363,-0.017206,0.115754,0.016363,-0.025605,0.119538,-0.012993,0.023793,0.149105,-0.18809,0.023793,0.791154,-0.035274,0.211125,0.185587,-0.083201,0.041315,0.831608,-0.008855,0.171754,0.158963,0.147863,0.02958,0.857744,-0.00039,-0.124168,0.158963,0.147863,0.018006,0.857744,-0.00039,-0.163539,0.185587,-0.083201,0.006271,0.831608,-0.008855,0.025747,0.301447,-0.140125,0.126022,0.408444,-0.045727,0.102632,0.318144,0.074818,-0.034253,0.390128,0.058644,-0.054016,0.440278,-0.051014,0.025747,0.301447,-0.140125,0.126022,0.408444,-0.045727,0.102632,0.318144,0.074818,-0.034253,0.390128,0.058644,-0.054016,0.440278,-0.051014],
    "colors":[],
    "faces":[35,10,1,3,11,0,0,0,0,0,35,11,3,5,12,0,1,1,1,1,35,12,5,7,13,0,2,2,2,2,34,3,1,9,1,3,3,3,34,3,9,7,1,3,3,3,34,3,7,5,1,4,4,4,35,14,9,1,10,0,5,5,5,5,35,13,7,9,14,0,6,6,6,6,35,6,13,14,8,0,7,7,7,7,35,10,0,8,14,0,8,8,8,8,35,4,12,13,6,0,9,9,9,9,35,2,11,12,4,0,10,10,10,10,35,0,10,11,2,0,11,11,11,11,35,25,16,18,26,1,12,12,12,12,35,26,18,20,27,1,13,13,13,13,35,27,20,22,28,1,14,14,14,14,34,18,16,24,1,15,15,15,34,18,24,22,1,16,16,16,34,18,22,20,1,17,17,17,35,29,24,16,25,1,18,18,18,18,35,28,22,24,29,1,19,19,19,19,34,17,19,21,1,20,20,20,34,17,21,23,1,21,21,21,34,15,17,23,1,22,22,22,35,21,28,29,23,1,23,23,23,23,35,23,29,25,15,1,24,24,24,24,35,19,27,28,21,1,25,25,25,25,35,17,26,27,19,1,26,26,26,26,35,15,25,26,17,1,27,27,27,27,35,25,29,34,30,1,28,28,28,28,35,26,25,30,31,1,28,28,28,28,35,28,27,32,33,1,28,28,28,28,35,29,28,33,34,1,28,28,28,28,35,27,26,31,32,1,28,28,28,28],
    "normals":[0.597776,-0.79246,0.121122,0.932356,0.293353,0.211321,0.009151,0.999199,-0.038961,-0,0,-1,0,0,-1,-0.57795,-0.791015,-0.200672,-0.910129,0.292477,-0.293467,-0.954622,0.284114,0.089313,-0.618349,-0.785235,0.0324,0.015827,0.995706,-0.091213,0.915508,0.260895,-0.306233,0.623219,-0.747736,-0.229108,0.586844,-0.789818,-0.178329,0.927668,0.334806,-0.165339,-0.044343,0.990379,-0.131082,-1e-06,-0.837274,-0.546784,0,-0.951345,-0.308129,0,-0.951345,-0.308129,-0.608203,-0.775439,-0.169658,-0.951117,0.280079,-0.130125,0,-0.114466,0.993427,0,-0.114466,0.993427,-0,0.328513,0.944499,-0.887165,0.242445,-0.39263,-0.432596,-0.854757,-0.286795,0.029081,0.923553,-0.382368,0.879671,0.2839,-0.38155,0.442456,-0.848195,-0.291202,0,0,-0],
    "name":"Cylinder.001Geometry"
}