{
    "name":"Cylinder.001Geometry",
    "normals":[0.814449,-0.319627,0.484264,0.826942,-0.427783,0.364923,0.402824,-0.296215,0.866019,0.574117,-0.718093,0.393359,0.591673,-0.711492,0.37908,0.805819,0.064773,-0.588609,0.374445,0.755784,0.537198,-0.025,-0.023314,0.999416,-0.506013,-0.815436,0.281098,0.043305,-0.286776,-0.957018,0.19432,0.972324,0.129717,-0.031758,0.515119,0.85653,-0.66012,-0.509568,0.55189,-0.310358,-0.342153,-0.88691,0.088727,0.018186,-0.99589,-0.18611,0.980191,-0.067739,-0.448517,0.88177,0.145995,-0.868962,0.493178,-0.040998,-0.350303,0.026254,-0.936268,-0.072675,0.146737,-0.986502,0,0,-0,-0.049162,-0.962429,0.267045,-0.786913,-0.585153,0.195866,-0.946974,0.127288,0.295021,-0.586775,-0.758811,0.282668,-0.011478,0.95088,0.309347,-0.255435,-0.966699,0.015722,0.422905,-0.874644,0.236957,-0.76113,0.646088,0.057026,-0.059489,-0.108158,0.992352,0.147809,0.986998,0.06315,0.221169,0.558516,-0.799465,-0.068887,-0.993967,-0.085353,-0.760823,0.142219,-0.633183,0.799209,-0.031933,0.600204,0.791231,-0.561108,-0.243127,0.61172,0.751041,-0.248468,-0.293832,0.955633,-0.020694,-0.236042,-0.967144,-0.094423,-0.948796,-0.310402,0.058621,-0.238523,0.308627,-0.920791,-0.23795,0.307247,-0.921401,-0.237139,0.310382,-0.920559,0.901763,0.061333,-0.427857,0.412694,0.833019,-0.36846,-0.321388,0.792081,-0.518958],
    "metadata":{
        "type":"Geometry",
        "faces":70,
        "vertices":66,
        "normals":46,
        "uvs":0,
        "colors":0,
        "version":3,
        "generator":"io_three",
        "materials":2
    },
    "uvs":[],
    "colors":[],
    "faces":[34,0,1,2,0,0,0,0,34,1,0,5,0,1,1,1,34,0,2,3,0,2,2,2,34,0,3,4,0,3,3,3,34,0,4,5,0,4,4,4,34,1,5,10,0,5,5,5,34,2,1,6,0,6,6,6,35,3,2,7,12,0,7,7,7,7,34,4,3,8,0,8,8,8,34,5,4,9,0,9,9,9,34,1,10,6,0,10,10,10,34,2,6,7,0,11,11,11,35,3,12,7,8,0,12,12,12,12,34,4,8,9,0,13,13,13,34,5,9,10,0,14,14,14,34,6,10,11,0,15,15,15,34,7,6,11,0,16,16,16,34,8,7,11,0,17,17,17,34,9,8,11,0,18,18,18,34,10,9,11,0,19,19,19,35,24,23,53,57,0,20,20,20,20,35,45,48,65,62,0,21,21,21,21,35,14,16,51,52,0,20,20,20,20,35,14,22,48,45,0,20,20,20,20,35,25,24,57,58,0,20,20,20,20,35,48,47,64,65,0,22,22,22,22,35,19,26,27,21,1,23,23,23,23,35,21,27,23,13,1,24,24,24,24,35,17,25,26,19,1,25,25,25,25,35,15,24,28,29,1,26,26,26,26,35,13,23,24,15,1,27,27,27,27,35,29,28,32,33,0,20,20,20,20,35,24,25,31,28,0,20,20,20,20,35,25,17,30,31,1,28,28,28,28,35,17,15,29,30,0,29,29,29,29,35,32,35,39,36,0,20,20,20,20,35,28,31,35,32,0,20,20,20,20,35,30,29,33,34,0,20,20,20,20,35,31,30,34,35,0,20,20,20,20,35,39,38,42,43,1,30,30,30,30,35,34,33,37,38,0,20,20,20,20,35,35,34,38,39,0,20,20,20,20,35,33,32,36,37,0,20,20,20,20,35,41,40,43,42,0,31,31,31,31,35,37,36,40,41,1,32,32,32,32,35,36,39,43,40,1,33,33,33,33,35,38,37,41,42,1,34,34,34,34,35,18,20,55,54,0,20,20,20,20,35,16,14,45,44,0,20,20,20,20,35,20,18,46,47,0,20,20,20,20,35,22,20,47,48,0,20,20,20,20,35,18,16,44,46,0,20,20,20,20,35,47,46,49,50,0,20,20,20,20,35,53,52,51,57,1,35,35,35,35,35,57,51,54,58,1,36,36,36,36,35,58,54,55,59,1,37,37,37,37,35,60,56,52,53,1,38,38,38,38,35,59,55,56,60,1,39,39,39,39,34,61,62,65,0,40,40,40,34,61,65,64,0,41,41,41,34,61,64,63,0,42,42,42,35,20,22,56,55,0,20,20,20,20,35,16,18,54,51,0,20,20,20,20,35,27,26,59,60,0,20,20,20,20,35,44,45,62,61,0,43,43,43,43,35,23,27,60,53,0,20,20,20,20,35,46,44,61,63,0,44,44,44,44,35,22,14,52,56,0,20,20,20,20,35,26,25,58,59,0,20,20,20,20,35,47,46,63,64,0,45,45,45,45],
    "vertices":[0.240854,0.200101,-0.113827,0.515436,0.45519,0.199358,0.295294,0.154177,0.09447,-0.028796,0.136497,-0.294572,0.041382,0.627265,-0.507299,0.382495,0.687255,-0.255593,0.123655,0.254616,0.250897,-0.276407,0.135175,0.027628,-0.396301,0.584563,-0.220978,-0.025744,0.722598,-0.199293,0.345271,0.681092,0.263503,-0.172797,0.657313,0.16678,-0.164992,0.169554,-0.071149,-0.007749,-0.026818,-0.051006,0.040026,0.206221,-0.033825,0.077122,-0.038586,-0.012352,0.036234,0.146905,0.042271,0.03966,-0.043181,0.05672,-0.06338,0.156157,0.076733,-0.053671,-0.030689,0.05953,-0.11253,0.221153,0.020072,-0.064771,-0.025966,-0.009692,-0.043259,0.250375,-0.043602,-0.009921,0.030635,-0.073192,0.098963,0.047424,-0.019522,0.050864,0.012466,0.074831,-0.069093,0.025657,0.077802,-0.089974,0.052787,-0.017077,0.098963,0.047424,-0.019522,0.106352,-0.038809,-0.020072,0.055047,-0.046732,0.074534,0.050864,0.012466,0.074831,0.098963,0.047424,-0.019522,0.106352,-0.038809,-0.020072,0.055047,-0.046732,0.074534,0.050864,0.012466,0.074831,0.098963,0.047424,-0.019522,0.106352,-0.038809,-0.020072,0.055047,-0.046732,0.074534,0.050864,0.012466,0.074831,0.201677,0.21165,-0.005172,0.244159,0.209879,-0.015635,0.255491,0.155871,0.053362,0.210892,0.163018,0.064615,0.036234,0.146905,0.042271,0.040026,0.206221,-0.033825,-0.06338,0.156157,0.076733,-0.11253,0.221153,0.020072,-0.043259,0.250375,-0.043602,-0.06338,0.156157,0.076733,-0.11253,0.221153,0.020072,0.036234,0.146905,0.042271,0.040026,0.206221,-0.033825,-0.009921,0.030635,-0.073192,-0.06338,0.156157,0.076733,-0.11253,0.221153,0.020072,-0.043259,0.250375,-0.043602,0.098963,0.047424,-0.019522,0.050864,0.012466,0.074831,-0.069093,0.025657,0.077802,-0.089974,0.052787,-0.017077,0.000429,0.286633,-0.012591,-0.026971,0.294292,-0.05662,-0.031914,0.266213,0.02326,-0.079384,0.261392,0.001291,-0.076234,0.278635,-0.047978],
    "materials":[{
        "DbgColor":15658734,
        "DbgName":"Material",
        "DbgIndex":0,
        "depthTest":true,
        "depthWrite":true,
        "vertexColors":false,
        "blending":"NormalBlending",
        "visible":true,
        "colorDiffuse":[0.047968,0.207839,0.051273],
        "opacity":1,
        "specularCoef":50,
        "colorSpecular":[0.5,0.5,0.5],
        "shading":"phong",
        "wireframe":false,
        "transparent":false,
        "colorEmissive":[0,0,0]
    },{
        "DbgColor":15597568,
        "DbgName":"Material.003",
        "DbgIndex":1,
        "depthTest":true,
        "depthWrite":true,
        "vertexColors":false,
        "blending":"NormalBlending",
        "visible":true,
        "colorDiffuse":[0.110067,0.065503,0.005438],
        "opacity":1,
        "specularCoef":50,
        "colorSpecular":[0.5,0.5,0.5],
        "shading":"phong",
        "wireframe":false,
        "transparent":false,
        "colorEmissive":[0,0,0]
    }]
}