{
    "vertices":[0.291776,0.02421,0.2096,0.157424,0.018722,0.290835,-0.223745,0.020578,-0.063185,-0.097713,0.026169,-0.220196,0.062176,0.015069,-0.202708,0.036605,0.392301,0.055725,-0.128784,0.19074,0.06094,-0.106047,0.378618,-0.091521,0.015963,0.34693,-0.154544,0.132001,0.251223,-0.064258,-0.028133,0.468314,-0.050025],
    "faces":[34,0,4,9,0,0,0,0,34,1,0,5,0,1,1,1,34,2,1,6,0,2,2,2,34,3,2,7,0,3,3,3,34,4,3,8,0,4,4,4,34,0,9,5,0,5,5,5,34,1,5,6,0,6,6,6,34,2,6,7,0,7,7,7,34,3,7,8,0,8,8,8,34,4,8,9,0,9,9,9,34,5,9,10,0,10,10,10,34,6,5,10,0,11,11,11,34,7,6,10,0,12,12,12,34,8,7,10,0,13,13,13,34,9,8,10,0,14,14,14],
    "normals":[0.873089,-0.486799,-0.027241,0.405113,0.709008,-0.577227,-0.672979,0.72379,0.152404,-0.766979,-0.608389,-0.203978,0.118234,-0.980218,-0.158725,0.823947,-0.011064,-0.566558,-0.432355,0.819582,-0.375972,-0.911442,0.258502,-0.320077,-0.371286,-0.875003,-0.310672,0.698128,-0.688306,-0.19711,0.801197,-0.062718,-0.595104,-0.55673,0.681862,-0.474464,-0.766754,0.449912,-0.457895,-0.251214,-0.776735,-0.577559,0.742877,-0.349593,-0.570893],
    "metadata":{
        "colors":0,
        "normals":15,
        "version":3,
        "uvs":0,
        "generator":"io_three",
        "vertices":11,
        "faces":15,
        "materials":1,
        "type":"Geometry"
    },
    "uvs":[],
    "name":"IcosphereGeometry",
    "colors":[],
    "materials":[{
        "DbgColor":15658734,
        "vertexColors":false,
        "colorSpecular":[0,0,0],
        "depthTest":true,
        "shading":"phong",
        "depthWrite":true,
        "wireframe":false,
        "opacity":1,
        "colorDiffuse":[0.358383,0.358383,0.358383],
        "blending":"NormalBlending",
        "transparent":false,
        "colorEmissive":[0,0,0],
        "specularCoef":50,
        "DbgName":"Material.001",
        "DbgIndex":0,
        "visible":true
    }]
}