{
    "name":"IcosphereGeometry",
    "uvs":[],
    "vertices":[0.120044,-0.001896,0.001406,-0.06519,-0.002978,0.112698,-0.208821,-0.005119,-0.049935,-0.055202,-0.003324,-0.21589,0.108831,-0.006204,-0.136787,-0.002893,0.476902,-0.030683,-0.078647,0.442621,-0.045128,-0.086186,0.460168,-0.130374,-0.010222,0.381827,-0.162727,0.044894,0.43202,-0.101324,-0.030746,0.517117,-0.124999],
    "materials":[{
        "depthWrite":true,
        "colorDiffuse":[0.373761,0.373761,0.373761],
        "shading":"phong",
        "colorEmissive":[0,0,0],
        "DbgIndex":0,
        "DbgColor":15658734,
        "depthTest":true,
        "visible":true,
        "transparent":false,
        "wireframe":false,
        "DbgName":"Material.001",
        "blending":"NormalBlending",
        "vertexColors":false,
        "specularCoef":50,
        "opacity":1,
        "colorSpecular":[0.023481,0.023481,0.023481]
    }],
    "metadata":{
        "version":3,
        "vertices":11,
        "colors":0,
        "faces":15,
        "uvs":0,
        "materials":1,
        "generator":"io_three",
        "type":"Geometry",
        "normals":15
    },
    "normals":[0.984974,-0.084617,-0.150555,0.505207,0.842673,-0.186194,-0.734704,0.646141,-0.206669,-0.732147,-0.6769,-0.075949,0.434246,-0.897814,-0.073213,0.868283,0.427532,-0.251596,-0.311176,0.89874,-0.308926,-0.951089,0.140719,-0.275006,-0.242167,-0.95689,-0.160363,0.668084,-0.727475,-0.156344,0.735854,0.069871,-0.673526,-0.43746,0.458921,-0.773317,-0.71128,0.201515,-0.673403,-0.156946,-0.957212,-0.243131,0.575227,-0.761177,-0.299538],
    "colors":[],
    "faces":[34,0,4,9,0,0,0,0,34,1,0,5,0,1,1,1,34,2,1,6,0,2,2,2,34,3,2,7,0,3,3,3,34,4,3,8,0,4,4,4,34,0,9,5,0,5,5,5,34,1,5,6,0,6,6,6,34,2,6,7,0,7,7,7,34,3,7,8,0,8,8,8,34,4,8,9,0,9,9,9,34,5,9,10,0,10,10,10,34,6,5,10,0,11,11,11,34,7,6,10,0,12,12,12,34,8,7,10,0,13,13,13,34,9,8,10,0,14,14,14]
}