{
    "materials":[{
        "depthWrite":true,
        "wireframe":false,
        "depthTest":true,
        "DbgIndex":1,
        "transparent":false,
        "opacity":1,
        "colorSpecular":[0.441461,0.076877,0.086402],
        "specularCoef":50,
        "DbgColor":15597568,
        "visible":true,
        "DbgName":"Material.001",
        "shading":"phong",
        "vertexColors":false,
        "colorEmissive":[0,0,0],
        "colorDiffuse":[0.202354,0.00811,0.008996],
        "blending":"NormalBlending"
    },{
        "depthWrite":true,
        "wireframe":false,
        "depthTest":true,
        "DbgIndex":0,
        "transparent":false,
        "opacity":1,
        "colorSpecular":[0.13338,0.13338,0.13338],
        "specularCoef":50,
        "DbgColor":15658734,
        "visible":true,
        "DbgName":"Material",
        "shading":"phong",
        "vertexColors":false,
        "colorEmissive":[0,0,0],
        "colorDiffuse":[0.028486,0.125947,0.013722],
        "blending":"NormalBlending"
    }],
    "name":"CylinderGeometry",
    "vertices":[-0.004538,-0.007407,-0.00757,-0.002885,0.236022,-0.00018,0.002225,-0.007407,-0.002656,-0.001864,0.236022,0.000562,-0.000358,-0.007407,0.005295,-0.002254,0.236022,0.001762,-0.008719,-0.007407,0.005295,-0.003516,0.236022,0.001762,-0.011302,-0.007407,-0.002656,-0.003905,0.236022,0.000562,-0.004538,0.110798,-0.004176,-0.001003,0.110798,-0.001607,-0.002353,0.110798,0.002549,-0.006723,0.110798,0.002549,-0.008074,0.110798,-0.001607,-0.000495,0.095346,-0.001773,-0.002039,0.095346,0.002981,-0.007038,0.095346,0.002981,-0.008582,0.095346,-0.001773,-0.004538,0.095346,-0.004711,-0.043522,0.15197,0.009559,-0.043675,0.152211,0.00868,-0.046313,0.150271,0.00965,-0.046489,0.150546,0.008645,-0.025068,0.139702,0.003091,-0.022897,0.139355,0.006471,-0.02738,0.114594,0.006823,-0.029863,0.114992,0.002956,-0.025068,0.139702,0.003091,-0.022897,0.139355,0.006471,-0.02738,0.114594,0.006823,-0.029863,0.114992,0.002956,-0.004538,0.167643,-0.002544,-0.002555,0.167643,-0.001103,-0.003313,0.167643,0.001228,-0.005764,0.167643,0.001228,-0.006522,0.167643,-0.001103,-0.004538,0.168201,-0.028672,0.022294,0.168201,-0.009177,0.012045,0.168201,0.022367,-0.021122,0.168201,0.022367,-0.031371,0.168201,-0.009177],
    "faces":[35,37,1,3,38,0,0,0,0,0,35,38,3,5,39,0,1,1,1,1,35,39,5,7,40,0,2,2,2,2,34,3,1,9,1,3,3,3,34,3,9,7,1,3,3,3,34,3,7,5,1,4,4,4,35,41,9,1,37,0,5,5,5,5,35,40,7,9,41,0,6,6,6,6,35,25,24,21,20,1,7,7,7,7,35,18,14,10,19,1,8,8,8,8,35,16,12,13,17,1,9,9,9,9,35,15,11,12,16,1,10,10,10,10,35,19,10,11,15,1,11,11,11,11,35,0,19,15,2,1,12,12,12,12,35,2,15,16,4,1,13,13,13,13,35,4,16,17,6,1,14,14,14,14,35,19,0,8,18,1,15,15,15,15,35,6,17,18,8,1,16,16,16,16,35,22,20,21,23,1,17,17,17,17,35,26,25,20,22,1,18,18,18,18,35,24,27,23,21,1,19,19,19,19,35,14,18,27,24,1,20,20,20,20,35,17,13,25,26,1,21,21,21,21,35,13,14,24,25,1,22,22,22,22,35,13,35,36,14,1,23,23,23,23,35,14,36,32,10,1,24,24,24,24,35,12,34,35,13,1,25,25,25,25,35,11,33,34,12,1,26,26,26,26,35,10,32,33,11,1,27,27,27,27],
    "metadata":{
        "version":3,
        "type":"Geometry",
        "faces":29,
        "colors":0,
        "normals":28,
        "generator":"io_three",
        "materials":2,
        "vertices":42,
        "uvs":0
    },
    "colors":[],
    "normals":[0.558914,-0.76928,-0.309554,0.912341,0.296438,-0.282414,0,0.956816,-0.290693,-0,0,-1,0,0,-1,-0.554055,-0.762591,-0.333882,-0.900221,0.292499,-0.322562,0.507083,-0.159701,-0.846972,-0.587555,-0.8087,-0.027971,0,0.999609,-0.027971,0.950685,0.308896,-0.027971,0.587555,-0.8087,-0.027971,0.587636,-0.808812,-0.022511,0.950816,0.308938,-0.022511,0,0.999747,-0.022511,-0.587636,-0.808812,-0.022511,-0.950816,0.308938,-0.022511,-0.487239,0.308896,-0.816812,0.126206,0.991839,0.018086,-0.217516,-0.973615,-0.068995,-0.198702,-0.979486,-0.033542,0.201748,0.979425,0.00497,0.789398,-0.345418,-0.507481,-0.9508,0.308933,-0.023225,-0.587627,-0.808799,-0.023225,0,0.99973,-0.023225,0.9508,0.308933,-0.023225,0.587627,-0.808799,-0.023225],
    "uvs":[]
}