{
    "vertices":[-0.14556,0.991595,0.4662,-0.426422,1.03544,-0.071913,-0.001543,1.30528,-0.451417,0.472746,1.07955,-0.148649,0.064724,2.25739,-0.390282,0.269427,2.60533,0.090853,0.016742,1.86909,0.314053,-0.014428,0.747759,0.103071,0.357876,0.884332,0.142555,0.170187,0.951127,0.439355,0.45818,1.09901,0.016222,0.301081,0.981432,-0.377323,-0.270585,0.836934,-0.022697,-0.382165,1.04139,0.255231,-0.07182,0.8363,-0.295229,0.426162,1.5477,0.226882,0.222991,2.45026,-0.177342,0.016742,2.14296,0.353642,0.162823,2.41224,0.225291,-0.399084,1.53067,0.222859,-0.16151,2.25909,0.352786,-0.265786,2.20227,-0.289792,-0.280823,2.01375,-0.145819,0.183394,1.73552,-0.264204,0.006713,2.59389,-0.025714,-0.214266,1.7707,0.146927,-0.198584,2.60174,0.128862,-0.030145,2.65536,-0.107402,0.01549,0.00361,-0.147179,0.01549,0.929,-0.084919,0.144768,0.00361,-0.042475,0.091651,0.929,-0.023236,0.095389,0.00361,0.126938,0.06256,0.929,0.076569,-0.064408,0.00361,0.126938,-0.031579,0.929,0.076569,-0.113788,0.00361,-0.042475,-0.06067,0.929,-0.023236],
    "normals":[0.881386,0.448691,0.147766,-0.245159,-0.176582,0.953266,0.303402,-0.248222,0.919964,0.095047,0.991958,-0.083576,-0.990593,0.134473,0.025358,-0.646214,-0.7613,0.053192,0.763713,-0.63127,-0.135057,0.053641,0.994527,-0.089664,-0.981239,-0.13696,-0.135689,0.740983,-0.660498,-0.121187,-0.330024,0.679469,-0.655291,-0.601638,-0.798747,0.00601,-0.459037,0.794133,-0.398294,0.562574,-0.783414,-0.264146,0.974455,0.011248,-0.224301,0.718515,0.594257,-0.361378,-0.800089,-0.492771,-0.342103,-0.5939,0.804027,-0.028685,0.640921,-0.6984,0.318523,0.388031,-0.836558,0.386786,-0.988018,0.149955,-0.036512,-0.788586,0.614145,0.030948,-0.899148,-0.428274,-0.09008,0.255368,-0.935598,-0.243811,-0.884565,0.333953,-0.325607,-0.980783,-0.083658,-0.176257,0.532153,0.681216,-0.50275,0.386676,0.701443,-0.598714,-0.445491,0.689947,-0.570535,0.618253,0.762738,-0.189722,0.279885,-0.95911,-0.042104,-0.983167,0.098666,-0.153776,-0.868115,0.453274,-0.202287,-0.560758,0.827225,-0.03534,-0.657418,0.751217,-0.058945,0.512174,0.849436,-0.12703,0.431018,0.892498,-0.13293,0.965936,-0.232702,-0.113217,0.975621,-0.163507,-0.146387,0.981451,0.065441,-0.180198,-0.091219,-0.94883,0.302326,-0.592643,-0.78663,0.173169,-0.637519,-0.463527,0.615396,-0.795091,0.118376,0.594826,-0.468598,0.39366,0.790852,-0.487338,0.358631,0.796169,0.344169,0.139996,0.928412,0.843551,-0.186238,0.503724,0.356246,-0.209016,0.910714,-0.061505,0.541009,0.838765,0.283344,0.377573,0.881563,0.818948,0.552663,0.154556,0.62852,-0.776039,-0.052211,0.958885,0.279491,-0.04923,-0,0.998522,-0.05435,-0,0,-1,-0,0,-1,0,0,-1,-0.62852,-0.776039,-0.052211,-0.958885,0.279491,-0.04923,0,0,1,0,-0,1],
    "materials":[{
        "specularCoef":50,
        "visible":true,
        "shading":"phong",
        "blending":"NormalBlending",
        "transparent":false,
        "DbgName":"Material.002",
        "colorSpecular":[0.5,0.5,0.5],
        "depthTest":true,
        "colorEmissive":[0,0,0],
        "DbgIndex":1,
        "wireframe":false,
        "DbgColor":15597568,
        "vertexColors":false,
        "colorDiffuse":[0.424353,0.520003,0.065557],
        "opacity":1,
        "depthWrite":true
    },{
        "specularCoef":50,
        "visible":true,
        "shading":"phong",
        "blending":"NormalBlending",
        "transparent":false,
        "DbgName":"Material.001",
        "colorSpecular":[0.5,0.5,0.5],
        "depthTest":true,
        "colorEmissive":[0,0,0],
        "DbgIndex":0,
        "wireframe":false,
        "DbgColor":15658734,
        "vertexColors":false,
        "colorDiffuse":[0.117851,0.075288,0.040393],
        "opacity":1,
        "depthWrite":true
    }],
    "faces":[34,15,8,10,0,0,0,0,34,7,12,14,0,1,1,1,34,7,14,11,0,2,2,2,34,0,9,17,0,3,3,3,34,1,13,19,0,4,4,4,34,2,1,21,0,5,5,5,34,3,11,4,0,6,6,6,34,0,17,20,0,7,7,7,34,1,19,22,0,8,8,8,34,3,4,16,0,9,9,9,34,18,5,24,0,10,10,10,34,26,24,25,0,11,11,11,34,5,27,6,0,12,12,12,34,5,23,27,0,13,13,13,34,23,4,27,0,14,14,14,34,27,26,6,0,15,15,15,34,27,22,26,0,16,16,16,34,26,25,6,0,17,17,17,34,25,24,6,0,18,18,18,34,24,5,6,0,19,19,19,34,16,23,5,0,20,20,20,34,16,4,23,0,21,21,21,34,2,27,4,0,22,22,22,34,2,21,27,0,23,23,23,34,21,22,27,0,24,24,24,34,22,19,26,0,25,25,25,34,20,24,26,0,26,26,26,34,20,17,24,0,27,27,27,34,17,18,24,0,28,28,28,34,18,15,5,0,29,29,29,34,4,11,2,0,30,30,30,34,21,1,22,0,31,31,31,34,19,20,26,0,32,32,32,34,19,13,20,0,33,33,33,34,13,0,20,0,34,34,34,34,17,9,18,0,35,35,35,34,9,15,18,0,36,36,36,34,15,16,5,0,37,37,37,34,15,10,16,0,38,38,38,34,10,3,16,0,39,39,39,34,14,2,11,0,40,40,40,34,14,1,2,0,41,41,41,34,14,12,1,0,42,42,42,34,12,13,1,0,43,43,43,34,12,7,13,0,44,44,44,34,7,0,13,0,45,45,45,34,10,11,3,0,46,46,46,34,10,8,11,0,47,47,47,34,8,7,11,0,48,48,48,34,9,0,7,0,49,49,49,34,7,8,9,0,50,50,50,34,8,15,9,0,51,51,51,35,28,29,31,30,1,52,52,52,52,35,30,31,33,32,1,53,53,53,53,35,32,33,35,34,1,54,54,54,54,34,31,29,37,1,55,55,55,34,31,37,35,1,56,56,56,34,31,35,33,1,57,57,57,35,36,37,29,28,1,58,58,58,58,35,34,35,37,36,1,59,59,59,59,34,30,32,34,1,60,60,60,34,30,34,36,1,60,60,60,34,28,30,36,1,61,61,61],
    "colors":[],
    "uvs":[],
    "metadata":{
        "colors":0,
        "materials":2,
        "faces":63,
        "version":3,
        "type":"Geometry",
        "generator":"io_three",
        "vertices":38,
        "uvs":0,
        "normals":62
    },
    "name":"CylinderGeometry"
}