{
    "name":"IcosphereGeometry",
    "metadata":{
        "type":"Geometry",
        "vertices":11,
        "generator":"io_three",
        "normals":15,
        "colors":0,
        "uvs":0,
        "materials":1,
        "version":3,
        "faces":15
    },
    "vertices":[0.231303,0.026126,0.214674,-0.021058,0.026122,0.378202,-0.253092,0.029504,0.073105,-0.00686,0.03344,-0.146537,0.175437,0.027192,-0.045438,0.096359,0.408019,0.188492,-0.030062,0.311628,0.199136,-0.030325,0.366828,0.05299,0.071273,0.427516,0.036549,0.164308,0.380186,0.085638,0.071611,0.496991,0.111435],
    "faces":[34,0,4,9,0,0,0,0,34,1,0,5,0,1,1,1,34,2,1,6,0,2,2,2,34,3,2,7,0,3,3,3,34,4,3,8,0,4,4,4,34,0,9,5,0,5,5,5,34,1,5,6,0,6,6,6,34,2,6,7,0,7,7,7,34,3,7,8,0,8,8,8,34,4,8,9,0,9,9,9,34,5,9,10,0,10,10,10,34,6,5,10,0,11,11,11,34,7,6,10,0,12,12,12,34,8,7,10,0,13,13,13,34,9,8,10,0,14,14,14],
    "colors":[],
    "uvs":[],
    "materials":[{
        "colorDiffuse":[0.389517,0.389517,0.389517],
        "wireframe":false,
        "DbgIndex":0,
        "shading":"phong",
        "vertexColors":false,
        "colorSpecular":[0.006108,0.006108,0.006108],
        "visible":true,
        "opacity":1,
        "DbgName":"Material.001",
        "transparent":false,
        "colorEmissive":[0,0,0],
        "blending":"NormalBlending",
        "DbgColor":15658734,
        "depthTest":true,
        "specularCoef":50,
        "depthWrite":true
    }],
    "normals":[0.972076,-0.208334,-0.108007,0.527604,0.814216,-0.242254,-0.74802,0.572607,-0.335541,-0.621843,-0.690501,-0.369486,0.471367,-0.83184,-0.293012,0.827347,0.458958,-0.323813,-0.311428,0.809425,-0.497839,-0.810399,0.208288,-0.547604,-0.398274,-0.799157,-0.45025,0.560873,-0.770196,-0.303677,0.767091,0.363782,-0.528426,-0.357842,0.752818,-0.552462,-0.813208,0.206913,-0.543949,-0.4809,-0.595151,-0.64384,0.590613,-0.550264,-0.590243]
}